-- Create database
CREATE DATABASE QLDKHP;
GO

USE QLDKHP;
GO

-- Create tables
CREATE TABLE TINH (
    MaTinh VARCHAR(3) PRIMARY KEY NOT NULL,
    TenTinh NVARCHAR(20)
);

CREATE TABLE HUYEN (
    MaHuyen VARCHAR(6) PRIMARY KEY NOT NULL,
    TenHuyen NVARCHAR(20),
    MaTinh VARCHAR(3) NOT NULL,
    VungSauVungXa BIT,
    FOREIGN KEY (MaTinh) REFERENCES TINH(MaTinh)
);

CREATE TABLE DTUUTIEN (
    MaDT VARCHAR(5) PRIMARY KEY NOT NULL,
    TenDT NVARCHAR(20),
    TiLeGiam FLOAT
);

CREATE TABLE KHOA (
    MaKhoa VARCHAR(3) PRIMARY KEY NOT NULL,
    TenKhoa NVARCHAR(50)
);

CREATE TABLE NGANHHOC (
    MaNH VARCHAR(6) PRIMARY KEY NOT NULL,
    TenNH NVARCHAR(50),
    MaKhoa VARCHAR(3) NOT NULL,
    FOREIGN KEY (MaKhoa) REFERENCES KHOA(MaKhoa)
);

CREATE TABLE SINHVIEN (
    MSSV VARCHAR(8) PRIMARY KEY NOT NULL,
    HoTen NVARCHAR(30),
    NgaySinh SMALLDATETIME,
    GioiTinh NVARCHAR(3),
    MaHuyen VARCHAR(6) NOT NULL,
    MaDT VARCHAR(5) NOT NULL,
    MaNH VARCHAR(6) NOT NULL,
    FOREIGN KEY (MaHuyen) REFERENCES HUYEN(MaHuyen),
    FOREIGN KEY (MaDT) REFERENCES DTUUTIEN(MaDT),
    FOREIGN KEY (MaNH) REFERENCES NGANHHOC(MaNH)
);

CREATE TABLE LOAIMON (
    MaLoaiMon VARCHAR(3) PRIMARY KEY NOT NULL,
    TenLoaiMon NVARCHAR(20),
    SoTietMotTC INT,
    SoTienMotTC MONEY
);

CREATE TABLE MONHOC (
    MaMH VARCHAR(5) PRIMARY KEY NOT NULL,
    TenMH NVARCHAR(50),
    SoTiet INT,
    SoTC INT,
    MaLoaiMon VARCHAR(3) NOT NULL,
    FOREIGN KEY (MaLoaiMon) REFERENCES LOAIMON(MaLoaiMon)
);

CREATE TABLE CT_NGANH (
    MaNH VARCHAR(6) NOT NULL,
    MaMH VARCHAR(5) NOT NULL,
    HocKy INT,
    GhiChu NVARCHAR(50),
    PRIMARY KEY (MaNH, MaMH),
    FOREIGN KEY (MaNH) REFERENCES NGANHHOC(MaNH),
    FOREIGN KEY (MaMH) REFERENCES MONHOC(MaMH)
);

CREATE TABLE HOCKY_NAMHOC (
    MaHKNH VARCHAR(4) PRIMARY KEY NOT NULL,
    HocKy INT,
    NamHoc INT,
    ThoiHanDongHocPhi SMALLDATETIME
);

CREATE TABLE PHIEUDKHP (
    MaPhieuDKHP VARCHAR(8) PRIMARY KEY NOT NULL,
    NgayLap SMALLDATETIME,
    TongTien MONEY,
    SoTienPhaiDong MONEY,
    SoTienDaDong MONEY,
    SoTienConLai MONEY,
    MSSV VARCHAR(8) NOT NULL,
    MaHKNH VARCHAR(4) NOT NULL,
    FOREIGN KEY (MSSV) REFERENCES SINHVIEN(MSSV),
    FOREIGN KEY (MaHKNH) REFERENCES HOCKY_NAMHOC(MaHKNH)
);

CREATE TABLE DSMHMO (
    MaMo VARCHAR(8) PRIMARY KEY NOT NULL,
    MaHKNH VARCHAR(4) NOT NULL,
    MaMH VARCHAR(5) NOT NULL,
    FOREIGN KEY (MaHKNH) REFERENCES HOCKY_NAMHOC(MaHKNH),
    FOREIGN KEY (MaMH) REFERENCES MONHOC(MaMH)
);

CREATE TABLE CT_DKHP (
    MaPhieuDKHP VARCHAR(8) NOT NULL,
    MaMo VARCHAR(8) NOT NULL,
    PRIMARY KEY (MaPhieuDKHP, MaMo),
    FOREIGN KEY (MaPhieuDKHP) REFERENCES PHIEUDKHP(MaPhieuDKHP),
    FOREIGN KEY (MaMo) REFERENCES DSMHMO(MaMo)
);

CREATE TABLE PHIEUTHUHP (
    MaPhieuThu VARCHAR(8) PRIMARY KEY NOT NULL,
    SoTienThu MONEY,
    NgayLap SMALLDATETIME,
    MaPhieuDKHP VARCHAR(8) NOT NULL,
    FOREIGN KEY (MaPhieuDKHP) REFERENCES PHIEUDKHP(MaPhieuDKHP)
);

CREATE TABLE BCCHUADONGHP (
    MaHKNH VARCHAR(4) NOT NULL,
    MSSV VARCHAR(8) NOT NULL,
    PRIMARY KEY (MaHKNH, MSSV),
    FOREIGN KEY (MaHKNH) REFERENCES HOCKY_NAMHOC(MaHKNH),
    FOREIGN KEY (MSSV) REFERENCES SINHVIEN(MSSV)
);

-- Insert data
-- Table TINH
INSERT INTO TINH (MaTinh, TenTinh) VALUES 
('T01', N'Hà Nội'),
('T02', N'Hồ Chí Minh'),
('T03', N'Hải Phòng'),
('T04', N'Đà Nẵng'),
('T05', N'Thái Bình'),
('T06', N'Bình Dương'),
('T07', N'Đắk Lắk'),
('T08', N'Long An'),
('T09', N'Bình Định'),
('T10', N'Quảng Trị');

-- Table HUYEN
INSERT INTO HUYEN (MaHuyen, TenHuyen, MaTinh, VungSauVungXa) VALUES 
-- Hà Nội
('T01H01', N'Ba Đình', 'T01', 0),
('T01H02', N'Hai Bà Trưng', 'T01', 0),
('T01H03', N'Cầu Giấy', 'T01', 0),
('T01H04', N'Thanh Trì', 'T01', 0),
('T01H05', N'Ba Vì', 'T01', 0),

-- Hồ Chí Minh
('T02H01', N'Quận 1', 'T02', 0),
('T02H02', N'Quận 5', 'T02', 0),
('T02H03', N'Quận Bình Thạnh', 'T02', 0),
('T02H04', N'Quận 8', 'T02', 0),
('T02H05', N'Tp Thủ Đức', 'T02', 0),

-- Hải Phòng
('T03H01', N'Kiến An', 'T03', 0),
('T03H02', N'Lê Chân', 'T03', 0),
('T03H03', N'Ngô Quyền', 'T03', 0),
('T03H04', N'An Dương', 'T03', 0),
('T03H05', N'Hồng Bàng', 'T03', 0),

-- Đà Nẵng
('T04H01', N'Hải Châu', 'T04', 0),
('T04H02', N'Liên Chiểu', 'T04', 0),
('T04H03', N'Ngũ Hành Sơn', 'T04', 0),
('T04H04', N'Sơn Trà', 'T04', 0),
('T04H05', N'Cẩm Lệ', 'T04', 0),

-- Thái Bình
('T05H01', N'Đông Hưng', 'T05', 0),
('T05H02', N'Hưng Hà', 'T05', 0),
('T05H03', N'Tiền Hải', 'T05', 0),
('T05H04', N'Kiến Xương', 'T05', 0),
('T05H05', N'Vũ Thư', 'T05', 0),

-- Bình Dương
('T06H01', N'Thuận An', 'T06', 0),
('T06H02', N'Dĩ An', 'T06', 0),
('T06H03', N'Tân Uyên', 'T06', 0),
('T06H04', N'Thủ Dầu Một', 'T06', 0),
('T06H05', N'Bến Cát', 'T06', 0),

-- Đắk Lắk
('T07H01', N'Buôn Ma Thuột', 'T07', 0),
('T07H02', N'Krông Búk', 'T07', 1),
('T07H03', N'Ea Hleo', 'T07', 1),
('T07H04', N'Buôn Đôn', 'T07', 1),
('T07H05', N'Lắk', 'T07', 1),

-- Long An
('T08H01', N'Cần Giuộc', 'T08', 0),
('T08H02', N'Châu Thành', 'T08', 0),
('T08H03', N'Đức Hòa', 'T08', 0),
('T08H04', N'Cần Đước', 'T08', 0),
('T08H05', N'Bến Lức', 'T08', 0),

-- Bình Định
('T09H01', N'Tuy Phước', 'T09', 0),
('T09H02', N'Hoài Ân', 'T09', 0),
('T09H03', N'Phù Cát', 'T09', 0),
('T09H04', N'Tp Quy Nhơn', 'T09', 0),
('T09H05', N'Vân Canh', 'T09', 0),

-- Quảng Trị
('T10H01', N'Đông Hà', 'T10', 0),
('T10H02', N'Hải Lăng', 'T10', 0),
('T10H03', N'Triệu Phong', 'T10', 0),
('T10H04', N'Đakrông', 'T10', 0),
('T10H05', N'Vĩnh Linh', 'T10', 0);

--Table DTUUTIEN (8/10)
INSERT INTO DTUUTIEN (MaDT, TenDT, TiLeGiam) VALUES
('DT001', N'Không đối tượng', 0),
('DT002', N'Con liệt sĩ', 0.8),
('DT003', N'Con thương binh', 0.5),
('DT004', N'Vùng sâu vùng xa', 0.3),
('DT005', N'Mồ côi', 0.8),
('DT006', N'Khuyết tật', 0.5),
('DT007', N'Hộ nghèo', 0.5)
('DT008', N'Dân tộc thiểu số', 0.3);

-- Table KHOA (6/5)
INSERT INTO KHOA (MaKhoa, TenKhoa) VALUES
('K01', N'Khoa học máy tính'),
('K02', N'Khoa học và Kỹ thuật thông tin'),
('K03', N'Kỹ thuật máy tính'),
('K04', N'Công nghệ phần mềm'),
('K05', N'Hệ thống thông tin'),
('K06', N'Mạng máy tính và truyền thông');

--Table NGANHHOC (10/10)
INSERT INTO NGANHHOC (MaNH, TenNH, MaKhoa) VALUES
('K01N01', N'Khoa học Máy tính', 'K01'),
('K01N02', N'Trí tuệ nhân tạo', 'K01'),
('K02N01', N'Công nghệ Thông tin', 'K02'),
('K02N02', N'Khoa học Dữ liệu', 'K02'),
('K03N01', N'Kỹ thuật Máy tính', 'K03'),
('K04N01', N'Kỹ thuật Phần mềm', 'K04'),
('K05N01', N'Hệ thống Thông tin', 'K05'),
('K05N02', N'Thương mại điện tử', 'K05'),
('K06N01', N'Mạng máy tính và Truyền thông dữ liệu', 'K06'),
('K06N02', N'An toàn Thông tin', 'K06');

--Table SINHVIEN (50/50+)
SET DATEFORMAT DMY
INSERT INTO SINHVIEN (MSSV, HoTen, NgaySinh, GioiTinh, MaHuyen, MaDT, MaNH) VALUES
('21522145', N'Lê Công Quốc Huy', '4-2-2003', N'Nam', 'T05H01', 'DT001', 'K02N01'),
('21522146', N'Lê Gia Huy', '10-1-2003', N'Nam', 'T06H05', 'DT001', 'K02N01'),
('21522141', N'Hoàng Gia Huy', '7-3-2003', N'Nam', 'T09H05', 'DT001', 'K02N01'),
('21522676', N'Nguyễn Thành Tín', '2-10-2003', N'Nam', 'T08H04', 'DT001', 'K02N01'),
('21521667', N'Phan Vỹ Văn', '7-6-2003', N'Nam', 'T09H03', 'DT001', 'K02N01'),
('20521062', N'Dương Thị Ngọc Anh', '6-4-2002', N'Nữ', 'T01H03', 'DT001', 'K03N01'),
('20521061', N'Đỗ Trần Mai Anh', '31-5-2002', N'Nữ', 'T03H04', 'DT001', 'K03N01'),
('21520138', N'Lê Nguyễn Nhật Anh', '16-8-2003', N'Nữ', 'T10H04', 'DT001', 'K01N01'),
('20520900', N'Nguyễn Ngọc Mai Khanh', '11-11-2002', N'Nữ', 'T01H03', 'DT001', 'K06N02'),
('21522315', N'Nguyễn Thị Cẩm Ly', '14-2-2003', N'Nữ', 'T09H01', 'DT007', 'K02N01'),
    
('21521140', N'Nguyễn Tuệ Minh', '25-11-2003', N'Nữ', 'T02H03', 'DT001', 'K04N01'),
('21521144', N'Trần Tuyết Minh', '22-5-2003', N'Nữ', 'T03H05', 'DT001', 'K04N01'),
('21521174', N'Nguyễn Thị Kim Ngân', '8-5-2003', N'Nữ', 'T08H05', 'DT007', 'K05N01'),
('21522884', N'Nguyễn Bích Phượng', '10-7-2003', N'Nữ', 'T02H04', 'DT001', 'K06N01'),
('21521486', N'Bùi Thị Anh Thư', '16-10-2003', N'Nữ', 'T07H03', 'DT004', 'K06N01'),
('21522698', N'Phan Huỳnh Thiên Trang', '15-2-2003', N'Nữ', 'T04H02', 'DT001', 'K01N01'),
('21521804', N'Hồ Vũ An', '6-10-2003', N'Nam', 'T03H05', 'DT001', 'K05N01'),
('21521846', N'Huỳnh Hải Băng', '1-7-2003', N'Nam', 'T10H05', 'DT001', 'K01N02'),
('21521156', N'Đoàn Lê Giang Nam', '26-10-2003', N'Nam', 'T04H05', 'DT001', 'K02N02'),
('21521178', N'Trần Thanh Nghị', '29-8-2003', N'Nam', 'T09H05', 'DT002', 'K04N01'),

('21521180', N'Lê Đức Nghĩa', '18-1-2003', N'Nam', 'T04H04', 'DT001', 'K02N02'),
('21521183', N'Nguyễn Thành Nghĩa', '6-8-2003', N'Nam', 'T02H05', 'DT003', 'K04N01'),
('21521201', N'Nguyễn Đỗ Đức Nguyên', '27-3-2003', N'Nam', 'T04H04', 'DT001', 'K05N02'),
('21521226', N'Nguyễn Minh Nhật', '9-4-2003', N'Nam', 'T10H01', 'DT001', 'K02N01'),
('21521268', N'Nguyễn Thành Phi', '21-9-2003', N'Nam', 'T09H05', 'DT001', 'K01N02'),
('21521271', N'Lê Thanh Phong', '11-10-2003', N'Nam', 'T10H03', 'DT001', 'K01N02'),
('21521323', N'Dương Uy Quan', '17-4-2003', N'Nam', 'T05H02', 'DT001', 'K05N02'),
('21521595', N'Nguyễn Thành Trung', '21-11-2003', N'Nam', 'T03H04', 'DT001', 'K06N01'),
('21522747', N'Trịnh Tuấn Tú', '15-6-2003', N'Nam', 'T09H04', 'DT008', 'K03N01'),
('21522755', N'Nguyễn Mạnh Tuấn', '4-3-2003', N'Nam', 'T09H01', 'DT001', 'K04N01'),

('21520389', N'Phan Cả Phát', '23-11-2003', N'Nam', 'T01H01', 'DT001', 'K01N01'),
('21522496', N'Nguyễn Minh Quân', '23-7-2003', N'Nam', 'T09H01', 'DT001', 'K04N01'),
('21522515', N'Nguyễn Việt Quang', '30-10-2003', N'Nam', 'T07H04', 'DT004', 'K05N02'),
('21522528', N'Dương Văn Quy', '10-1-2003', N'Nam', 'T03H05', 'DT001', 'K01N01'),
('21522544', N'Nguyễn Ngọc Thanh Sang', '15-4-2003', N'Nam', 'T08H03', 'DT001', 'K01N01'),
('21522556', N'Phạm Thanh Sơn', '16-11-2003', N'Nam', 'T10H01', 'DT001', 'K01N01'),
('21521476', N'Vũ Ngọc Trường Thịnh', '18-1-2003', N'Nam', 'T02H05', 'DT001', 'K03N01'),
('21522681', N'Phạm Đăng Tỉnh', '7-9-2003', N'Nam', 'T09H01', 'DT001', 'K01N01'),
('21522712', N'Phạm Minh Triết', '3-1-2003', N'Nam', 'T10H05', 'DT001', 'K03N01'),
('21522732', N'Lê Quang Trường', '9-5-2003', N'Nam', 'T03H03', 'DT001', 'K02N02'),

('21522762', N'Trần Anh Tuấn', '14-1-2003', N'Nam', 'T07H01', 'DT001', 'K03N01'),
('21522885', N'Phan Thị Cát Tường', '26-6-2003', N'Nữ', 'T07H03', 'DT004', 'K04N01'),
('21522536', N'Nguyễn Phan Trúc Quỳnh', '30-5-2003', N'Nữ', 'T06H02', 'DT001', 'K04N01'),
('21522357', N'Lê Hải Nam', '22-3-2003', N'Nam', 'T05H05', 'DT001', 'K04N01'),
('21521108', N'Nguyễn Minh Lý', '22-7-2003', N'Nam', 'T03H02', 'DT001', 'K02N01'),
('21522276', N'Nguyễn Cao Lãm', '17-11-2003', N'Nam', 'T01H04', 'DT001', 'K06N01'),
('21522168', N'Trần Minh Huy', '30-7-2003', N'Nam', 'T08H01', 'DT001', 'K04N01'),
('21522037', N'Trần Thị Hải', '20-10-2003', N'Nữ', 'T01H01', 'DT001', 'K02N02'),
('21521029', N'Tô Quốc Kiện', '11-3-2003', N'Nam', 'T01H03', 'DT001', 'K03N01'),
('21522055', N'Phan Công Hậu', '25-7-2003', N'Nam', 'T10H02', 'DT001', 'K06N01');

--Table LOAIMON (2/2)
INSERT INTO LOAIMON (MaLoaiMon, TenLoaiMon, SoTietMotTC, SoTienMotTC) VALUES
('LM1', N'Lý thuyết', 15, 27000),
('LM2', N'Thực hành', 30, 37000);

--Table MONHOC 
INSERT INTO MONHOC (MaMH, TenMH, SoTiet, MaLoaiMon) VALUES ('MH001', N'Tư tưởng Hồ Chí Minh', 30, 'LM1');
INSERT INTO MONHOC (MaMH, TenMH, SoTiet, MaLoaiMon) VALUES ('MH002', N'Triết học Mác – Lênin', 45, 'LM1');
INSERT INTO MONHOC (MaMH, TenMH, SoTiet, MaLoaiMon) VALUES ('MH003', N'Kinh tế chính trị Mác – Lênin', 30, 'LM1');
INSERT INTO MONHOC (MaMH, TenMH, SoTiet, MaLoaiMon) VALUES ('MH004', N'Chủ nghĩa xã hội khoa học', 30, 'LM1');
INSERT INTO MONHOC (MaMH, TenMH, SoTiet, MaLoaiMon) VALUES ('MH005', N'Lịch sử Đảng Cộng sản Việt Nam', 30, 'LM1');
INSERT INTO MONHOC (MaMH, TenMH, SoTiet, MaLoaiMon) VALUES ('MH006', N'Giải tích', 60, 'LM1');
INSERT INTO MONHOC (MaMH, TenMH, SoTiet, MaLoaiMon) VALUES ('MH007', N'Đại số tuyến tính', 45, 'LM1');
INSERT INTO MONHOC (MaMH, TenMH, SoTiet, MaLoaiMon) VALUES ('MH008', N'Cấu trúc rời rạc', 60, 'LM1');
INSERT INTO MONHOC (MaMH, TenMH, SoTiet, MaLoaiMon) VALUES ('MH009', N'Xác suất thống kê', 45, 'LM1');
INSERT INTO MONHOC (MaMH, TenMH, SoTiet, MaLoaiMon) VALUES ('MH010', N'Nhập môn Lập trình', 60, 'LM1');
INSERT INTO MONHOC (MaMH, TenMH, SoTiet, MaLoaiMon) VALUES ('MH011', N'Kỹ năng nghề nghiệp', 30, 'LM1');
INSERT INTO MONHOC (MaMH, TenMH, SoTiet, MaLoaiMon) VALUES ('MH012', N'Pháp luật đại cương', 30, 'LM1');
INSERT INTO MONHOC (MaMH, TenMH, SoTiet, MaLoaiMon) VALUES ('MH013', N'Văn hóa doanh nghiệp Nhật Bản', 30, 'LM1');
INSERT INTO MONHOC (MaMH, TenMH, SoTiet, MaLoaiMon) VALUES ('MH014', N'Tiếng Nhật 1', 60, 'LM1');
INSERT INTO MONHOC (MaMH, TenMH, SoTiet, MaLoaiMon) VALUES ('MH015', N'Tiếng Nhật 2', 60, 'LM1');
INSERT INTO MONHOC (MaMH, TenMH, SoTiet, MaLoaiMon) VALUES ('MH016', N'Tiếng Nhật 3', 60, 'LM1');
INSERT INTO MONHOC (MaMH, TenMH, SoTiet, MaLoaiMon) VALUES ('MH017', N'Tiếng Nhật 4', 60, 'LM1');
INSERT INTO MONHOC (MaMH, TenMH, SoTiet, MaLoaiMon) VALUES ('MH018', N'Tiếng Nhật 5', 45, 'LM1');
INSERT INTO MONHOC (MaMH, TenMH, SoTiet, MaLoaiMon) VALUES ('MH019', N'Tiếng Nhật 6', 45, 'LM1');
INSERT INTO MONHOC (MaMH, TenMH, SoTiet, MaLoaiMon) VALUES ('MH020', N'Tiếng Nhật 7', 45, 'LM1');
INSERT INTO MONHOC (MaMH, TenMH, SoTiet, MaLoaiMon) VALUES ('MH021', N'Tiếng Nhật 8', 45, 'LM1');
INSERT INTO MONHOC (MaMH, TenMH, SoTiet, MaLoaiMon) VALUES ('MH022', N'Lập trình hướng đối tượng', 45, 'LM1');
INSERT INTO MONHOC (MaMH, TenMH, SoTiet, MaLoaiMon) VALUES ('MH023', N'Lập trình hướng đối tượng', 30, 'LM2');
INSERT INTO MONHOC (MaMH, TenMH, SoTiet, MaLoaiMon) VALUES ('MH024', N'Cấu trúc dữ liệu và giải thuật', 45, 'LM1');
INSERT INTO MONHOC (MaMH, TenMH, SoTiet, MaLoaiMon) VALUES ('MH025', N'Cơ sở dữ liệu', 45, 'LM1');
INSERT INTO MONHOC (MaMH, TenMH, SoTiet, MaLoaiMon) VALUES ('MH026', N'Nhập môn mạng máy tính', 45, 'LM1');
INSERT INTO MONHOC (MaMH, TenMH, SoTiet, MaLoaiMon) VALUES ('MH027', N'Nhập môn mạng máy tính', 30, 'LM2');
INSERT INTO MONHOC (MaMH, TenMH, SoTiet, MaLoaiMon) VALUES ('MH028', N'Tổ chức và cấu trúc máy tính II', 45, 'LM1');
INSERT INTO MONHOC (MaMH, TenMH, SoTiet, MaLoaiMon) VALUES ('MH029', N'Tổ chức và cấu trúc máy tính II', 30, 'LM2');
INSERT INTO MONHOC (MaMH, TenMH, SoTiet, MaLoaiMon) VALUES ('MH030', N'Hệ điều hành', 45, 'LM1');
INSERT INTO MONHOC (MaMH, TenMH, SoTiet, MaLoaiMon) VALUES ('MH031', N'Hệ điều hành', 30, 'LM2');
INSERT INTO MONHOC (MaMH, TenMH, SoTiet, MaLoaiMon) VALUES ('MH032', N'Giới thiệu ngành Công nghệ Thông tin', 15, 'LM1');
INSERT INTO MONHOC (MaMH, TenMH, SoTiet, MaLoaiMon) VALUES ('MH033', N'Cơ sở hạ tầng công nghệ thông tin', 45, 'LM1');
INSERT INTO MONHOC (MaMH, TenMH, SoTiet, MaLoaiMon) VALUES ('MH034', N'Cơ sở hạ tầng công nghệ thông tin', 30, 'LM2');
INSERT INTO MONHOC (MaMH, TenMH, SoTiet, MaLoaiMon) VALUES ('MH035', N'Quản lý thông tin', 45, 'LM1');
INSERT INTO MONHOC (MaMH, TenMH, SoTiet, MaLoaiMon) VALUES ('MH036', N'Quản lý thông tin', 30, 'LM2');
INSERT INTO MONHOC (MaMH, TenMH, SoTiet, MaLoaiMon) VALUES ('MH037', N'Internet và công nghệ Web', 45, 'LM1');
INSERT INTO MONHOC (MaMH, TenMH, SoTiet, MaLoaiMon) VALUES ('MH038', N'Internet và công nghệ Web', 30, 'LM2');
INSERT INTO MONHOC (MaMH, TenMH, SoTiet, MaLoaiMon) VALUES ('MH039', N'Thiết kế giao diện người dùng', 45, 'LM1');
INSERT INTO MONHOC (MaMH, TenMH, SoTiet, MaLoaiMon) VALUES ('MH040', N'Thiết kế giao diện người dùng', 30, 'LM2');
INSERT INTO MONHOC (MaMH, TenMH, SoTiet, MaLoaiMon) VALUES ('MH041', N'Nhập môn đảm bảo và an ninh thông tin', 45, 'LM1');
INSERT INTO MONHOC (MaMH, TenMH, SoTiet, MaLoaiMon) VALUES ('MH042', N'Nhập môn đảm bảo và an ninh thông tin', 30, 'LM2');
INSERT INTO MONHOC (MaMH, TenMH, SoTiet, MaLoaiMon) VALUES ('MH043', N'Nhập môn công nghệ phần mềm', 45, 'LM1');
INSERT INTO MONHOC (MaMH, TenMH, SoTiet, MaLoaiMon) VALUES ('MH044', N'Nhập môn công nghệ phần mềm', 30, 'LM2');
INSERT INTO MONHOC (MaMH, TenMH, SoTiet, MaLoaiMon) VALUES ('MH045', N'Điện toán đám mây', 45, 'LM1');
INSERT INTO MONHOC (MaMH, TenMH, SoTiet, MaLoaiMon) VALUES ('MH046', N'Các chủ đề toán học cho KHDL', 45, 'LM1');
INSERT INTO MONHOC (MaMH, TenMH, SoTiet, MaLoaiMon) VALUES ('MH047', N'Học máy thống kê', 45, 'LM1');
INSERT INTO MONHOC (MaMH, TenMH, SoTiet, MaLoaiMon) VALUES ('MH048', N'Học máy thống kê', 30, 'LM2');
INSERT INTO MONHOC (MaMH, TenMH, SoTiet, MaLoaiMon) VALUES ('MH049', N'Xử lý dữ liệu lớn', 45, 'LM1');
INSERT INTO MONHOC (MaMH, TenMH, SoTiet, MaLoaiMon) VALUES ('MH050', N'Xử lý dữ liệu lớn', 30, 'LM2');


--Table HOCKY_NAMHOC (12/12)
SET DATEFORMAT DMY
INSERT INTO HOCKY_NAMHOC (MaHKNH, HocKy, NamHoc, ThoiHanDongHocPhi) VALUES
('2001', 1, 2020, '29-8-2020'),
('2002', 2, 2020, '19-2-2021'),
('2003', 3, 2020, '10-7-2021'),
('2101', 1, 2021, '21-8-2021'),
('2102', 2, 2021, '8-2-2022'),
('2103', 3, 2021, '12-7-2022'),
('2201', 1, 2022, '28-8-2022'),
('2202', 2, 2022, '12-2-2023'),
('2203', 3, 2022, '26-7-2023'),
('2301', 1, 2023, '7-9-2023'),
('2302', 2, 2023, '31-1-2024'),
('2303', 3, 2023, '3-7-2024');

--Table CT_NGANH
INSERT INTO CT_NGANH (MaNH, MaMH, HocKy, GhiChu) VALUES 
('K03N01', 'MH001', 1, ''),
('K03N01', 'MH002', 1, ''),
('K03N01', 'MH006', 2, ''),
('K03N01', 'MH007', 2, ''),
('K03N01', 'MH010', 2, ''),
('K03N01', 'MH014', 3, ''),
('K03N01', 'MH022', 3, ''),
('K03N01', 'MH023', 3, ''),
('K03N01', 'MH015', 4, ''),
('K03N01', 'MH024', 4, ''),
('K03N01', 'MH026', 5, ''),
('K03N01', 'MH027', 5, ''),
('K03N01', 'MH037', 6, ''),
('K03N01', 'MH038', 6, ''),
('K03N01', 'MH046', 6, ''),
('K03N01', 'MH041', 7, ''),
('K03N01', 'MH042', 7, ''),
('K03N01', 'MH043', 7, ''),
('K03N01', 'MH044', 7, ''),
('K03N01', 'MH049', 8, ''),
('K03N01', 'MH050', 8, ''),
('K04N01', 'MH004', 1, ''),
('K04N01', 'MH005', 1, ''),
('K04N01', 'MH009', 1, ''),
('K04N01', 'MH010', 2, ''),
('K04N01', 'MH011', 3, ''),
('K04N01', 'MH014', 3, ''),
('K04N01', 'MH024', 3, ''),
('K04N01', 'MH026', 4, ''),
('K04N01', 'MH027', 4, ''),
('K04N01', 'MH018', 5, ''),
('K04N01', 'MH037', 5, ''),
('K04N01', 'MH038', 5, ''),
('K04N01', 'MH032', 6, ''),
('K04N01', 'MH047', 6, ''),
('K04N01', 'MH048', 6, ''),
('K04N01', 'MH020', 7, ''),
('K04N01', 'MH035', 7, ''),
('K04N01', 'MH036', 7, ''),
('K04N01', 'MH021', 8, '');

INSERT INTO CT_NGANH (MaNH, MaMH, HocKy) VALUES
('K05N01', 'MH010', 1),
('K05N01', 'MH006', 1),
('K05N01', 'MH007', 1),
('K05N01', 'MH032', 2),
('K05N01', 'MH028', 2),
('K05N01', 'MH029', 3),
('K05N01', 'MH014', 3),
('K05N01', 'MH022', 4),
('K05N01', 'MH023', 4),
('K05N01', 'MH024', 4),
('K05N01', 'MH008', 5),
('K05N01', 'MH009', 5),
('K05N01', 'MH015', 5),
('K05N01', 'MH025', 6),
('K05N01', 'MH026', 6),
('K05N01', 'MH027', 7),
('K05N01', 'MH002', 7),
('K05N01', 'MH003', 7),
('K05N01', 'MH016', 8),
('K05N01', 'MH012', 8),
('K05N02', 'MH011', 1),
('K05N02', 'MH030', 1),
('K05N02', 'MH031', 2),
('K05N02', 'MH017', 2),
('K05N02', 'MH005', 2),
('K05N02', 'MH018', 3),
('K05N02', 'MH001', 3),
('K05N02', 'MH004', 3),
('K05N02', 'MH013', 4),
('K05N02', 'MH033', 4),
('K05N02', 'MH034', 5),
('K05N02', 'MH037', 5),
('K05N02', 'MH038', 5),
('K05N02', 'MH043', 6),
('K05N02', 'MH044', 6),
('K05N02', 'MH047', 7),
('K05N02', 'MH048', 7),
('K05N02', 'MH035', 8),
('K05N02', 'MH036', 8),
('K05N02', 'MH046', 8);

INSERT INTO CT_NGANH(MaNH, MaMH, HocKy) VALUES
('K06N01', 'MH001', 5),
('K06N01', 'MH002', 5),
('K06N01', 'MH003', 6),
('K06N01', 'MH004', 6),
('K06N01', 'MH005', 6),
('K06N01', 'MH006', 1),
('K06N01', 'MH007', 1),
('K06N01', 'MH008', 2),
('K06N01', 'MH009', 3),
('K06N01', 'MH010', 1),
('K06N01', 'MH011', 7),
('K06N01', 'MH012', 7),
('K06N01', 'MH022', 2),
('K06N01', 'MH023', 2),
('K06N01', 'MH024', 2),
('K06N01', 'MH025', 3),
('K06N01', 'MH026', 3),
('K06N01', 'MH027', 3),
('K06N01', 'MH028', 4),
('K06N01', 'MH029', 4),
('K06N01', 'MH030', 4),
('K06N01', 'MH031', 4),
('K06N01', 'MH037', 5),
('K06N01', 'MH038', 5),
('K06N01', 'MH041', 7),
('K06N01', 'MH042', 7),
('K06N01', 'MH043', 8),
('K06N01', 'MH044', 8),
('K06N01', 'MH045', 8),
('K06N02', 'MH001', 5),
('K06N02', 'MH002', 5),
('K06N02', 'MH003', 6),
('K06N02', 'MH004', 6),
('K06N02', 'MH005', 6),
('K06N02', 'MH006', 1),
('K06N02', 'MH007', 1),
('K06N02', 'MH008', 2),
('K06N02', 'MH009', 3),
('K06N02', 'MH010', 1),
('K06N02', 'MH011', 7),
('K06N02', 'MH012', 7),
('K06N02', 'MH022', 2),
('K06N02', 'MH023', 2),
('K06N02', 'MH024', 2),
('K06N02', 'MH025', 3),
('K06N02', 'MH026', 3),
('K06N02', 'MH027', 3),
('K06N02', 'MH028', 4),
('K06N02', 'MH029', 4),
('K06N02', 'MH030', 4),
('K06N02', 'MH031', 4),
('K06N02', 'MH035', 5),
('K06N02', 'MH036', 5),
('K06N02', 'MH041', 7),
('K06N02', 'MH042', 7),
('K06N02', 'MH046', 8),
('K06N02', 'MH047', 8),
('K06N02', 'MH048', 8);

-- Table PHIEUDKHP
INSERT INTO PHIEUDKHP (MaPhieuDKHP, NgayLap, MSSV, MaHKNH) VALUES ('DK000081', '1-8-2022', '21522146', '2201');
INSERT INTO PHIEUDKHP (MaPhieuDKHP, NgayLap, MSSV, MaHKNH) VALUES ('DK000082', '1-8-2022', '21522676', '2201');
INSERT INTO PHIEUDKHP (MaPhieuDKHP, NgayLap, MSSV, MaHKNH) VALUES ('DK000083', '1-8-2022', '20521062', '2201');
INSERT INTO PHIEUDKHP (MaPhieuDKHP, NgayLap, MSSV, MaHKNH) VALUES ('DK000084', '1-8-2022', '20520900', '2201');
INSERT INTO PHIEUDKHP (MaPhieuDKHP, NgayLap, MSSV, MaHKNH) VALUES ('DK000085', '1-8-2022', '21522315', '2201');
INSERT INTO PHIEUDKHP (MaPhieuDKHP, NgayLap, MSSV, MaHKNH) VALUES ('DK000086', '2-8-2022', '21521144', '2201');
INSERT INTO PHIEUDKHP (MaPhieuDKHP, NgayLap, MSSV, MaHKNH) VALUES ('DK000087', '2-8-2022', '21522884', '2201');
INSERT INTO PHIEUDKHP (MaPhieuDKHP, NgayLap, MSSV, MaHKNH) VALUES ('DK000088', '2-8-2022', '21522698', '2201');
INSERT INTO PHIEUDKHP (MaPhieuDKHP, NgayLap, MSSV, MaHKNH) VALUES ('DK000089', '3-8-2022', '21521846', '2201');
INSERT INTO PHIEUDKHP (MaPhieuDKHP, NgayLap, MSSV, MaHKNH) VALUES ('DK000090', '3-8-2022', '21521180', '2201');
INSERT INTO PHIEUDKHP (MaPhieuDKHP, NgayLap, MSSV, MaHKNH) VALUES ('DK000091', '3-8-2022', '21522544', '2201');
INSERT INTO PHIEUDKHP (MaPhieuDKHP, NgayLap, MSSV, MaHKNH) VALUES ('DK000092', '3-8-2022', '21521476', '2201');
INSERT INTO PHIEUDKHP (MaPhieuDKHP, NgayLap, MSSV, MaHKNH) VALUES ('DK000093', '3-8-2022', '21522712', '2201');
INSERT INTO PHIEUDKHP (MaPhieuDKHP, NgayLap, MSSV, MaHKNH) VALUES ('DK000094', '4-8-2022', '21522762', '2201');
INSERT INTO PHIEUDKHP (MaPhieuDKHP, NgayLap, MSSV, MaHKNH) VALUES ('DK000095', '4-8-2022', '21522536', '2201');
INSERT INTO PHIEUDKHP (MaPhieuDKHP, NgayLap, MSSV, MaHKNH) VALUES ('DK000096', '4-8-2022', '21522357', '2201');
INSERT INTO PHIEUDKHP (MaPhieuDKHP, NgayLap, MSSV, MaHKNH) VALUES ('DK000097', '5-8-2022', '21522276', '2201');
INSERT INTO PHIEUDKHP (MaPhieuDKHP, NgayLap, MSSV, MaHKNH) VALUES ('DK000098', '5-8-2022', '21522037', '2201');
INSERT INTO PHIEUDKHP (MaPhieuDKHP, NgayLap, MSSV, MaHKNH) VALUES ('DK000099', '5-8-2022', '21521029', '2201');
INSERT INTO PHIEUDKHP (MaPhieuDKHP, NgayLap, MSSV, MaHKNH) VALUES ('DK000100', '5-8-2022', '21522055', '2201');
INSERT INTO PHIEUDKHP (MaPhieuDKHP, NgayLap, MSSV, MaHKNH) VALUES ('DK000101', '11-1-2023', '21522145', '2202');
INSERT INTO PHIEUDKHP (MaPhieuDKHP, NgayLap, MSSV, MaHKNH) VALUES ('DK000102', '11-1-2023', '21522146', '2202');
INSERT INTO PHIEUDKHP (MaPhieuDKHP, NgayLap, MSSV, MaHKNH) VALUES ('DK000103', '11-1-2023', '21522676', '2202');
INSERT INTO PHIEUDKHP (MaPhieuDKHP, NgayLap, MSSV, MaHKNH) VALUES ('DK000104', '11-1-2023', '20521061', '2202');
INSERT INTO PHIEUDKHP (MaPhieuDKHP, NgayLap, MSSV, MaHKNH) VALUES ('DK000105', '12-1-2023', '21521144', '2202');
INSERT INTO PHIEUDKHP (MaPhieuDKHP, NgayLap, MSSV, MaHKNH) VALUES ('DK000106', '12-1-2023', '21521486', '2202');
INSERT INTO PHIEUDKHP (MaPhieuDKHP, NgayLap, MSSV, MaHKNH) VALUES ('DK000107', '12-1-2023', '21521804', '2202');
INSERT INTO PHIEUDKHP (MaPhieuDKHP, NgayLap, MSSV, MaHKNH) VALUES ('DK000108', '12-1-2023', '21521180', '2202');
INSERT INTO PHIEUDKHP (MaPhieuDKHP, NgayLap, MSSV, MaHKNH) VALUES ('DK000109', '12-1-2023', '21521226', '2202');
INSERT INTO PHIEUDKHP (MaPhieuDKHP, NgayLap, MSSV, MaHKNH) VALUES ('DK000110', '12-1-2023', '21521323', '2202');
INSERT INTO PHIEUDKHP (MaPhieuDKHP, NgayLap, MSSV, MaHKNH) VALUES ('DK000111', '13-1-2023', '21522747', '2202');
INSERT INTO PHIEUDKHP (MaPhieuDKHP, NgayLap, MSSV, MaHKNH) VALUES ('DK000112', '13-1-2023', '21522528', '2202');
INSERT INTO PHIEUDKHP (MaPhieuDKHP, NgayLap, MSSV, MaHKNH) VALUES ('DK000113', '13-1-2023', '21521476', '2202');
INSERT INTO PHIEUDKHP (MaPhieuDKHP, NgayLap, MSSV, MaHKNH) VALUES ('DK000114', '13-1-2023', '21522762', '2202');
INSERT INTO PHIEUDKHP (MaPhieuDKHP, NgayLap, MSSV, MaHKNH) VALUES ('DK000115', '13-1-2023', '21522885', '2202');
INSERT INTO PHIEUDKHP (MaPhieuDKHP, NgayLap, MSSV, MaHKNH) VALUES ('DK000116', '13-1-2023', '21521108', '2202');
INSERT INTO PHIEUDKHP (MaPhieuDKHP, NgayLap, MSSV, MaHKNH) VALUES ('DK000117', '13-1-2023', '21522276', '2202');
INSERT INTO PHIEUDKHP (MaPhieuDKHP, NgayLap, MSSV, MaHKNH) VALUES ('DK000118', '13-1-2023', '21522168', '2202');
INSERT INTO PHIEUDKHP (MaPhieuDKHP, NgayLap, MSSV, MaHKNH) VALUES ('DK000119', '14-1-2023', '21522037', '2202');
INSERT INTO PHIEUDKHP (MaPhieuDKHP, NgayLap, MSSV, MaHKNH) VALUES ('DK000120', '14-1-2023', '21521029', '2202');

INSERT INTO PHIEUDKHP(MaPhieuDKHP, NgayLap, MSSV, MaHKNH) VALUES ('DK000161','1-1-2024', '21520389', '2302');
INSERT INTO PHIEUDKHP(MaPhieuDKHP, NgayLap, MSSV, MaHKNH) VALUES ('DK000162','1-1-2024', '21522496', '2302');
INSERT INTO PHIEUDKHP(MaPhieuDKHP, NgayLap, MSSV, MaHKNH) VALUES ('DK000163','1-1-2024', '21522515', '2302');
INSERT INTO PHIEUDKHP(MaPhieuDKHP, NgayLap, MSSV, MaHKNH) VALUES ('DK000164','1-1-2024', '21522528', '2302');
INSERT INTO PHIEUDKHP(MaPhieuDKHP, NgayLap, MSSV, MaHKNH) VALUES ('DK000165','1-1-2024', '21522544', '2302');
INSERT INTO PHIEUDKHP(MaPhieuDKHP, NgayLap, MSSV, MaHKNH) VALUES ('DK000166','1-1-2024', '21522556', '2302');
INSERT INTO PHIEUDKHP(MaPhieuDKHP, NgayLap, MSSV, MaHKNH) VALUES ('DK000167','1-1-2024', '21521476', '2302');
INSERT INTO PHIEUDKHP(MaPhieuDKHP, NgayLap, MSSV, MaHKNH) VALUES ('DK000168','1-1-2024', '21522681', '2302');
INSERT INTO PHIEUDKHP(MaPhieuDKHP, NgayLap, MSSV, MaHKNH) VALUES ('DK000169','1-1-2024', '21522712', '2302');
INSERT INTO PHIEUDKHP(MaPhieuDKHP, NgayLap, MSSV, MaHKNH) VALUES ('DK000170','1-1-2024', '21522732', '2302');
INSERT INTO PHIEUDKHP(MaPhieuDKHP, NgayLap, MSSV, MaHKNH) VALUES ('DK000171','1-1-2024', '21522762', '2302');
INSERT INTO PHIEUDKHP(MaPhieuDKHP, NgayLap, MSSV, MaHKNH) VALUES ('DK000172','1-1-2024', '21522885', '2302');
INSERT INTO PHIEUDKHP(MaPhieuDKHP, NgayLap, MSSV, MaHKNH) VALUES ('DK000173','1-1-2024', '21522536', '2302');
INSERT INTO PHIEUDKHP(MaPhieuDKHP, NgayLap, MSSV, MaHKNH) VALUES ('DK000174','1-1-2024', '21522357', '2302');
INSERT INTO PHIEUDKHP(MaPhieuDKHP, NgayLap, MSSV, MaHKNH) VALUES ('DK000175','1-1-2024', '21521108', '2302');
INSERT INTO PHIEUDKHP(MaPhieuDKHP, NgayLap, MSSV, MaHKNH) VALUES ('DK000176','1-1-2024', '21522276', '2302');
INSERT INTO PHIEUDKHP(MaPhieuDKHP, NgayLap, MSSV, MaHKNH) VALUES ('DK000177','1-1-2024', '21522168', '2302');
INSERT INTO PHIEUDKHP(MaPhieuDKHP, NgayLap, MSSV, MaHKNH) VALUES ('DK000178','1-1-2024', '21522037', '2302');
INSERT INTO PHIEUDKHP(MaPhieuDKHP, NgayLap, MSSV, MaHKNH) VALUES ('DK000179','1-1-2024', '21521029', '2302');
INSERT INTO PHIEUDKHP(MaPhieuDKHP, NgayLap, MSSV, MaHKNH) VALUES ('DK000180','1-1-2024', '21522055', '2302');
INSERT INTO PHIEUDKHP(MaPhieuDKHP, NgayLap, MSSV, MaHKNH) VALUES ('DK000181','3-6-2024', '21520389', '2303');
INSERT INTO PHIEUDKHP(MaPhieuDKHP, NgayLap, MSSV, MaHKNH) VALUES ('DK000182','3-6-2024', '21522496', '2303');
INSERT INTO PHIEUDKHP(MaPhieuDKHP, NgayLap, MSSV, MaHKNH) VALUES ('DK000183','3-6-2024', '21522515', '2303');
INSERT INTO PHIEUDKHP(MaPhieuDKHP, NgayLap, MSSV, MaHKNH) VALUES ('DK000184','3-6-2024', '21522528', '2303');
INSERT INTO PHIEUDKHP(MaPhieuDKHP, NgayLap, MSSV, MaHKNH) VALUES ('DK000185','3-6-2024', '21522544', '2303');
INSERT INTO PHIEUDKHP(MaPhieuDKHP, NgayLap, MSSV, MaHKNH) VALUES ('DK000186','3-6-2024', '21522556', '2303');
INSERT INTO PHIEUDKHP(MaPhieuDKHP, NgayLap, MSSV, MaHKNH) VALUES ('DK000187','3-6-2024', '21521476', '2303');
INSERT INTO PHIEUDKHP(MaPhieuDKHP, NgayLap, MSSV, MaHKNH) VALUES ('DK000188','3-6-2024', '21522681', '2303');
INSERT INTO PHIEUDKHP(MaPhieuDKHP, NgayLap, MSSV, MaHKNH) VALUES ('DK000189','3-6-2024', '21522712', '2303');
INSERT INTO PHIEUDKHP(MaPhieuDKHP, NgayLap, MSSV, MaHKNH) VALUES ('DK000190','3-6-2024', '21522732', '2303');
INSERT INTO PHIEUDKHP(MaPhieuDKHP, NgayLap, MSSV, MaHKNH) VALUES ('DK000191','3-6-2024', '21522762', '2303');
INSERT INTO PHIEUDKHP(MaPhieuDKHP, NgayLap, MSSV, MaHKNH) VALUES ('DK000192','3-6-2024', '21522885', '2303');
INSERT INTO PHIEUDKHP(MaPhieuDKHP, NgayLap, MSSV, MaHKNH) VALUES ('DK000193','3-6-2024', '21522536', '2303');
INSERT INTO PHIEUDKHP(MaPhieuDKHP, NgayLap, MSSV, MaHKNH) VALUES ('DK000194','3-6-2024', '21522357', '2303');
INSERT INTO PHIEUDKHP(MaPhieuDKHP, NgayLap, MSSV, MaHKNH) VALUES ('DK000195','3-6-2024', '21521108', '2303');
INSERT INTO PHIEUDKHP(MaPhieuDKHP, NgayLap, MSSV, MaHKNH) VALUES ('DK000196','3-6-2024', '21522276', '2303');
INSERT INTO PHIEUDKHP(MaPhieuDKHP, NgayLap, MSSV, MaHKNH) VALUES ('DK000197','3-6-2024', '21522168', '2303');
INSERT INTO PHIEUDKHP(MaPhieuDKHP, NgayLap, MSSV, MaHKNH) VALUES ('DK000198','3-6-2024', '21522037', '2303');
INSERT INTO PHIEUDKHP(MaPhieuDKHP, NgayLap, MSSV, MaHKNH) VALUES ('DK000199','3-6-2024', '21521029', '2303');
INSERT INTO PHIEUDKHP(MaPhieuDKHP, NgayLap, MSSV, MaHKNH) VALUES ('DK000200','3-6-2024', '21522055', '2303');

--Table DSMHMO
INSERT INTO DSMHMO (MaMo, MaHKNH, MaMH) VALUES 
('MM000121', '2201', 'MH001'),
('MM000122', '2201', 'MH017'),
('MM000123', '2201', 'MH013'),
('MM000124', '2201', 'MH047'),
('MM000125', '2201', 'MH039'),
('MM000126', '2201', 'MH022'),
('MM000127', '2201', 'MH003'),
('MM000128', '2201', 'MH032'),
('MM000129', '2201', 'MH009'),
('MM000130', '2201', 'MH004'),
('MM000131', '2201', 'MH016'),
('MM000132', '2201', 'MH024'),
('MM000133', '2201', 'MH028'),
('MM000134', '2201', 'MH033'),
('MM000135', '2201', 'MH011'),
('MM000136', '2201', 'MH036'),
('MM000137', '2201', 'MH040'),
('MM000138', '2201', 'MH046'),
('MM000139', '2201', 'MH038'),
('MM000140', '2201', 'MH044'),
('MM000141', '2201', 'MH002'),
('MM000142', '2201', 'MH006'),
('MM000143', '2201', 'MH012'),
('MM000144', '2201', 'MH026'),
('MM000145', '2201', 'MH034'),
('MM000146', '2201', 'MH050'),
('MM000147', '2201', 'MH045'),
('MM000148', '2201', 'MH042'),
('MM000149', '2201', 'MH037'),
('MM000150', '2201', 'MH035'),
('MM000151', '2201', 'MH048'),
('MM000152', '2202', 'MH002'),
('MM000153', '2202', 'MH003'),
('MM000154', '2202', 'MH005'),
('MM000155', '2202', 'MH006'),
('MM000156', '2202', 'MH008'),
('MM000157', '2202', 'MH009'),
('MM000158', '2202', 'MH011'),
('MM000159', '2202', 'MH013'),
('MM000160', '2202', 'MH015'),
('MM000161', '2202', 'MH016'),
('MM000162', '2202', 'MH017'),
('MM000163', '2202', 'MH018'),
('MM000164', '2202', 'MH020'),
('MM000165', '2202', 'MH021'),
('MM000166', '2202', 'MH024'),
('MM000167', '2202', 'MH025'),
('MM000168', '2202', 'MH027'),
('MM000169', '2202', 'MH029'),
('MM000170', '2202', 'MH030'),
('MM000171', '2202', 'MH031'),
('MM000172', '2202', 'MH033'),
('MM000173', '2202', 'MH036'),
('MM000174', '2202', 'MH037'),
('MM000175', '2202', 'MH038'),
('MM000176', '2202', 'MH039'),
('MM000177', '2202', 'MH044'),
('MM000178', '2202', 'MH045'),
('MM000179', '2202', 'MH047'),
('MM000180', '2202', 'MH048');

INSERT INTO DSMHMO(MaMo, MaHKNH, MaMH) VALUES
('MM000241', '2302', 'MH001'),
('MM000242', '2302', 'MH002'),
('MM000243', '2302', 'MH003'),
('MM000244', '2302', 'MH004'),
('MM000245', '2302', 'MH005'),
('MM000246', '2302', 'MH006'),
('MM000247', '2302', 'MH007'),
('MM000248', '2302', 'MH008'),
('MM000249', '2302', 'MH009'),
('MM000250', '2302', 'MH010'),
('MM000251', '2302', 'MH011'),
('MM000252', '2302', 'MH012'),
('MM000253', '2302', 'MH013'),
('MM000254', '2302', 'MH022'),
('MM000255', '2302', 'MH023'),
('MM000256', '2302', 'MH024'),
('MM000257', '2302', 'MH025'),
('MM000258', '2302', 'MH026'),
('MM000259', '2302', 'MH027'),
('MM000260', '2302', 'MH028'),
('MM000261', '2302', 'MH029'),
('MM000262', '2302', 'MH030'),
('MM000263', '2302', 'MH031'),
('MM000264', '2302', 'MH033'),
('MM000265', '2302', 'MH034'),
('MM000266', '2302', 'MH035'),
('MM000267', '2302', 'MH036'),
('MM000268', '2302', 'MH037'),
('MM000269', '2302', 'MH038'),
('MM000270', '2302', 'MH039'),
('MM000271', '2302', 'MH040'),
('MM000272', '2302', 'MH041'),
('MM000273', '2302', 'MH042'),
('MM000274', '2302', 'MH043'),
('MM000275', '2302', 'MH044'),
('MM000276', '2302', 'MH045'),
('MM000277', '2302', 'MH046'),
('MM000278', '2302', 'MH047'),
('MM000279', '2302', 'MH048'),
('MM000280', '2302', 'MH049'),
('MM000281', '2302', 'MH050'),
('MM000282', '2303', 'MH006'),
('MM000283', '2303', 'MH007'),
('MM000284', '2303', 'MH008'),
('MM000285', '2303', 'MH009'),
('MM000286', '2303', 'MH010'),
('MM000287', '2303', 'MH011'),
('MM000288', '2303', 'MH012'),
('MM000289', '2303', 'MH022'),
('MM000290', '2303', 'MH023'),
('MM000291', '2303', 'MH024'),
('MM000292', '2303', 'MH025'),
('MM000293', '2303', 'MH026'),
('MM000294', '2303', 'MH027'),
('MM000295', '2303', 'MH028'),
('MM000296', '2303', 'MH029'),
('MM000297', '2303', 'MH030'),
('MM000298', '2303', 'MH031'),
('MM000299', '2303', 'MH035'),
('MM000300', '2303', 'MH036');

--Table CT_DKHP
INSERT INTO CT_DKHP (MaPhieuDKHP, MaMo) VALUES ('DK000081', 'MM000143');
INSERT INTO CT_DKHP (MaPhieuDKHP, MaMo) VALUES ('DK000081', 'MM000123');
INSERT INTO CT_DKHP (MaPhieuDKHP, MaMo) VALUES ('DK000081', 'MM000126');
INSERT INTO CT_DKHP (MaPhieuDKHP, MaMo) VALUES ('DK000081', 'MM000142');
INSERT INTO CT_DKHP (MaPhieuDKHP, MaMo) VALUES ('DK000082', 'MM000123');
INSERT INTO CT_DKHP (MaPhieuDKHP, MaMo) VALUES ('DK000082', 'MM000134');
INSERT INTO CT_DKHP (MaPhieuDKHP, MaMo) VALUES ('DK000082', 'MM000133');
INSERT INTO CT_DKHP (MaPhieuDKHP, MaMo) VALUES ('DK000082', 'MM000145');
INSERT INTO CT_DKHP (MaPhieuDKHP, MaMo) VALUES ('DK000082', 'MM000125');
INSERT INTO CT_DKHP (MaPhieuDKHP, MaMo) VALUES ('DK000082', 'MM000137');
INSERT INTO CT_DKHP (MaPhieuDKHP, MaMo) VALUES ('DK000083', 'MM000121');
INSERT INTO CT_DKHP (MaPhieuDKHP, MaMo) VALUES ('DK000083', 'MM000144');
INSERT INTO CT_DKHP (MaPhieuDKHP, MaMo) VALUES ('DK000083', 'MM000122');
INSERT INTO CT_DKHP (MaPhieuDKHP, MaMo) VALUES ('DK000083', 'MM000146');
INSERT INTO CT_DKHP (MaPhieuDKHP, MaMo) VALUES ('DK000083', 'MM000134');
INSERT INTO CT_DKHP (MaPhieuDKHP, MaMo) VALUES ('DK000084', 'MM000123');
INSERT INTO CT_DKHP (MaPhieuDKHP, MaMo) VALUES ('DK000084', 'MM000145');
INSERT INTO CT_DKHP (MaPhieuDKHP, MaMo) VALUES ('DK000084', 'MM000147');
INSERT INTO CT_DKHP (MaPhieuDKHP, MaMo) VALUES ('DK000084', 'MM000127');
INSERT INTO CT_DKHP (MaPhieuDKHP, MaMo) VALUES ('DK000084', 'MM000129');
INSERT INTO CT_DKHP (MaPhieuDKHP, MaMo) VALUES ('DK000084', 'MM000131');
INSERT INTO CT_DKHP (MaPhieuDKHP, MaMo) VALUES ('DK000085', 'MM000131');
INSERT INTO CT_DKHP (MaPhieuDKHP, MaMo) VALUES ('DK000085', 'MM000133');
INSERT INTO CT_DKHP (MaPhieuDKHP, MaMo) VALUES ('DK000085', 'MM000124');
INSERT INTO CT_DKHP (MaPhieuDKHP, MaMo) VALUES ('DK000085', 'MM000146');
INSERT INTO CT_DKHP (MaPhieuDKHP, MaMo) VALUES ('DK000086', 'MM000144');
INSERT INTO CT_DKHP (MaPhieuDKHP, MaMo) VALUES ('DK000086', 'MM000134');
INSERT INTO CT_DKHP (MaPhieuDKHP, MaMo) VALUES ('DK000086', 'MM000151');
INSERT INTO CT_DKHP (MaPhieuDKHP, MaMo) VALUES ('DK000086', 'MM000122');
INSERT INTO CT_DKHP (MaPhieuDKHP, MaMo) VALUES ('DK000087', 'MM000126');
INSERT INTO CT_DKHP (MaPhieuDKHP, MaMo) VALUES ('DK000087', 'MM000145');
INSERT INTO CT_DKHP (MaPhieuDKHP, MaMo) VALUES ('DK000087', 'MM000124');
INSERT INTO CT_DKHP (MaPhieuDKHP, MaMo) VALUES ('DK000087', 'MM000144');
INSERT INTO CT_DKHP (MaPhieuDKHP, MaMo) VALUES ('DK000087', 'MM000137');
INSERT INTO CT_DKHP (MaPhieuDKHP, MaMo) VALUES ('DK000087', 'MM000133');
INSERT INTO CT_DKHP (MaPhieuDKHP, MaMo) VALUES ('DK000088', 'MM000122');
INSERT INTO CT_DKHP (MaPhieuDKHP, MaMo) VALUES ('DK000088', 'MM000129');
INSERT INTO CT_DKHP (MaPhieuDKHP, MaMo) VALUES ('DK000088', 'MM000148');
INSERT INTO CT_DKHP (MaPhieuDKHP, MaMo) VALUES ('DK000088', 'MM000139');
INSERT INTO CT_DKHP (MaPhieuDKHP, MaMo) VALUES ('DK000088', 'MM000132');
INSERT INTO CT_DKHP (MaPhieuDKHP, MaMo) VALUES ('DK000089', 'MM000133');
INSERT INTO CT_DKHP (MaPhieuDKHP, MaMo) VALUES ('DK000089', 'MM000126');
INSERT INTO CT_DKHP (MaPhieuDKHP, MaMo) VALUES ('DK000089', 'MM000145');
INSERT INTO CT_DKHP (MaPhieuDKHP, MaMo) VALUES ('DK000089', 'MM000151');
INSERT INTO CT_DKHP (MaPhieuDKHP, MaMo) VALUES ('DK000089', 'MM000124');
INSERT INTO CT_DKHP (MaPhieuDKHP, MaMo) VALUES ('DK000089', 'MM000139');
INSERT INTO CT_DKHP (MaPhieuDKHP, MaMo) VALUES ('DK000090', 'MM000126');
INSERT INTO CT_DKHP (MaPhieuDKHP, MaMo) VALUES ('DK000090', 'MM000148');
INSERT INTO CT_DKHP (MaPhieuDKHP, MaMo) VALUES ('DK000090', 'MM000128');
INSERT INTO CT_DKHP (MaPhieuDKHP, MaMo) VALUES ('DK000090', 'MM000146');
INSERT INTO CT_DKHP (MaPhieuDKHP, MaMo) VALUES ('DK000090', 'MM000136');
INSERT INTO CT_DKHP (MaPhieuDKHP, MaMo) VALUES ('DK000090', 'MM000127');
INSERT INTO CT_DKHP (MaPhieuDKHP, MaMo) VALUES ('DK000091', 'MM000144');
INSERT INTO CT_DKHP (MaPhieuDKHP, MaMo) VALUES ('DK000091', 'MM000133');
INSERT INTO CT_DKHP (MaPhieuDKHP, MaMo) VALUES ('DK000091', 'MM000122');
INSERT INTO CT_DKHP (MaPhieuDKHP, MaMo) VALUES ('DK000092', 'MM000134');
INSERT INTO CT_DKHP (MaPhieuDKHP, MaMo) VALUES ('DK000092', 'MM000145');
INSERT INTO CT_DKHP (MaPhieuDKHP, MaMo) VALUES ('DK000092', 'MM000137');
INSERT INTO CT_DKHP (MaPhieuDKHP, MaMo) VALUES ('DK000092', 'MM000124');
INSERT INTO CT_DKHP (MaPhieuDKHP, MaMo) VALUES ('DK000093', 'MM000127');
INSERT INTO CT_DKHP (MaPhieuDKHP, MaMo) VALUES ('DK000093', 'MM000136');
INSERT INTO CT_DKHP (MaPhieuDKHP, MaMo) VALUES ('DK000093', 'MM000134');
INSERT INTO CT_DKHP (MaPhieuDKHP, MaMo) VALUES ('DK000093', 'MM000133');
INSERT INTO CT_DKHP (MaPhieuDKHP, MaMo) VALUES ('DK000094', 'MM000125');
INSERT INTO CT_DKHP (MaPhieuDKHP, MaMo) VALUES ('DK000094', 'MM000131');
INSERT INTO CT_DKHP (MaPhieuDKHP, MaMo) VALUES ('DK000094', 'MM000136');
INSERT INTO CT_DKHP (MaPhieuDKHP, MaMo) VALUES ('DK000094', 'MM000132');
INSERT INTO CT_DKHP (MaPhieuDKHP, MaMo) VALUES ('DK000094', 'MM000127');
INSERT INTO CT_DKHP (MaPhieuDKHP, MaMo) VALUES ('DK000094', 'MM000147');
INSERT INTO CT_DKHP (MaPhieuDKHP, MaMo) VALUES ('DK000094', 'MM000151');
INSERT INTO CT_DKHP (MaPhieuDKHP, MaMo) VALUES ('DK000095', 'MM000132');
INSERT INTO CT_DKHP (MaPhieuDKHP, MaMo) VALUES ('DK000095', 'MM000127');
INSERT INTO CT_DKHP (MaPhieuDKHP, MaMo) VALUES ('DK000095', 'MM000149');
INSERT INTO CT_DKHP (MaPhieuDKHP, MaMo) VALUES ('DK000095', 'MM000139');
INSERT INTO CT_DKHP (MaPhieuDKHP, MaMo) VALUES ('DK000095', 'MM000126');
INSERT INTO CT_DKHP (MaPhieuDKHP, MaMo) VALUES ('DK000096', 'MM000127');
INSERT INTO CT_DKHP (MaPhieuDKHP, MaMo) VALUES ('DK000096', 'MM000129');
INSERT INTO CT_DKHP (MaPhieuDKHP, MaMo) VALUES ('DK000096', 'MM000123');
INSERT INTO CT_DKHP (MaPhieuDKHP, MaMo) VALUES ('DK000096', 'MM000136');
INSERT INTO CT_DKHP (MaPhieuDKHP, MaMo) VALUES ('DK000096', 'MM000142');
INSERT INTO CT_DKHP (MaPhieuDKHP, MaMo) VALUES ('DK000097', 'MM000122');
INSERT INTO CT_DKHP (MaPhieuDKHP, MaMo) VALUES ('DK000097', 'MM000128');
INSERT INTO CT_DKHP (MaPhieuDKHP, MaMo) VALUES ('DK000097', 'MM000150');
INSERT INTO CT_DKHP (MaPhieuDKHP, MaMo) VALUES ('DK000098', 'MM000150');
INSERT INTO CT_DKHP (MaPhieuDKHP, MaMo) VALUES ('DK000098', 'MM000124');
INSERT INTO CT_DKHP (MaPhieuDKHP, MaMo) VALUES ('DK000098', 'MM000138');
INSERT INTO CT_DKHP (MaPhieuDKHP, MaMo) VALUES ('DK000098', 'MM000133');
INSERT INTO CT_DKHP (MaPhieuDKHP, MaMo) VALUES ('DK000099', 'MM000146');
INSERT INTO CT_DKHP (MaPhieuDKHP, MaMo) VALUES ('DK000099', 'MM000143');
INSERT INTO CT_DKHP (MaPhieuDKHP, MaMo) VALUES ('DK000099', 'MM000135');
INSERT INTO CT_DKHP (MaPhieuDKHP, MaMo) VALUES ('DK000099', 'MM000125');
INSERT INTO CT_DKHP (MaPhieuDKHP, MaMo) VALUES ('DK000099', 'MM000121');
INSERT INTO CT_DKHP (MaPhieuDKHP, MaMo) VALUES ('DK000100', 'MM000146');
INSERT INTO CT_DKHP (MaPhieuDKHP, MaMo) VALUES ('DK000100', 'MM000124');
INSERT INTO CT_DKHP (MaPhieuDKHP, MaMo) VALUES ('DK000100', 'MM000126');
INSERT INTO CT_DKHP (MaPhieuDKHP, MaMo) VALUES ('DK000100', 'MM000136');
INSERT INTO CT_DKHP (MaPhieuDKHP, MaMo) VALUES ('DK000100', 'MM000122');
INSERT INTO CT_DKHP (MaPhieuDKHP, MaMo) VALUES ('DK000100', 'MM000141');
INSERT INTO CT_DKHP (MaPhieuDKHP, MaMo) VALUES ('DK000101', 'MM000160');
INSERT INTO CT_DKHP (MaPhieuDKHP, MaMo) VALUES ('DK000101', 'MM000177');
INSERT INTO CT_DKHP (MaPhieuDKHP, MaMo) VALUES ('DK000101', 'MM000153');
INSERT INTO CT_DKHP (MaPhieuDKHP, MaMo) VALUES ('DK000101', 'MM000180');
INSERT INTO CT_DKHP (MaPhieuDKHP, MaMo) VALUES ('DK000101', 'MM000166');
INSERT INTO CT_DKHP (MaPhieuDKHP, MaMo) VALUES ('DK000101', 'MM000152');
INSERT INTO CT_DKHP (MaPhieuDKHP, MaMo) VALUES ('DK000101', 'MM000175');
INSERT INTO CT_DKHP (MaPhieuDKHP, MaMo) VALUES ('DK000102', 'MM000154');
INSERT INTO CT_DKHP (MaPhieuDKHP, MaMo) VALUES ('DK000102', 'MM000167');
INSERT INTO CT_DKHP (MaPhieuDKHP, MaMo) VALUES ('DK000102', 'MM000165');
INSERT INTO CT_DKHP (MaPhieuDKHP, MaMo) VALUES ('DK000102', 'MM000175');
INSERT INTO CT_DKHP (MaPhieuDKHP, MaMo) VALUES ('DK000102', 'MM000157');
INSERT INTO CT_DKHP (MaPhieuDKHP, MaMo) VALUES ('DK000103', 'MM000153');
INSERT INTO CT_DKHP (MaPhieuDKHP, MaMo) VALUES ('DK000103', 'MM000164');
INSERT INTO CT_DKHP (MaPhieuDKHP, MaMo) VALUES ('DK000103', 'MM000175');
INSERT INTO CT_DKHP (MaPhieuDKHP, MaMo) VALUES ('DK000103', 'MM000158');
INSERT INTO CT_DKHP (MaPhieuDKHP, MaMo) VALUES ('DK000103', 'MM000159');
INSERT INTO CT_DKHP (MaPhieuDKHP, MaMo) VALUES ('DK000104', 'MM000155');
INSERT INTO CT_DKHP (MaPhieuDKHP, MaMo) VALUES ('DK000104', 'MM000169');
INSERT INTO CT_DKHP (MaPhieuDKHP, MaMo) VALUES ('DK000104', 'MM000173');
INSERT INTO CT_DKHP (MaPhieuDKHP, MaMo) VALUES ('DK000104', 'MM000156');
INSERT INTO CT_DKHP (MaPhieuDKHP, MaMo) VALUES ('DK000105', 'MM000177');
INSERT INTO CT_DKHP (MaPhieuDKHP, MaMo) VALUES ('DK000105', 'MM000166');
INSERT INTO CT_DKHP (MaPhieuDKHP, MaMo) VALUES ('DK000105', 'MM000155');
INSERT INTO CT_DKHP (MaPhieuDKHP, MaMo) VALUES ('DK000105', 'MM000158');
INSERT INTO CT_DKHP (MaPhieuDKHP, MaMo) VALUES ('DK000105', 'MM000163');
INSERT INTO CT_DKHP (MaPhieuDKHP, MaMo) VALUES ('DK000106', 'MM000162');
INSERT INTO CT_DKHP (MaPhieuDKHP, MaMo) VALUES ('DK000106', 'MM000164');
INSERT INTO CT_DKHP (MaPhieuDKHP, MaMo) VALUES ('DK000106', 'MM000176');
INSERT INTO CT_DKHP (MaPhieuDKHP, MaMo) VALUES ('DK000106', 'MM000157');
INSERT INTO CT_DKHP (MaPhieuDKHP, MaMo) VALUES ('DK000106', 'MM000154');
INSERT INTO CT_DKHP (MaPhieuDKHP, MaMo) VALUES ('DK000106', 'MM000168');
INSERT INTO CT_DKHP (MaPhieuDKHP, MaMo) VALUES ('DK000107', 'MM000155');
INSERT INTO CT_DKHP (MaPhieuDKHP, MaMo) VALUES ('DK000107', 'MM000180');
INSERT INTO CT_DKHP (MaPhieuDKHP, MaMo) VALUES ('DK000107', 'MM000179');
INSERT INTO CT_DKHP (MaPhieuDKHP, MaMo) VALUES ('DK000107', 'MM000169');
INSERT INTO CT_DKHP (MaPhieuDKHP, MaMo) VALUES ('DK000107', 'MM000157');
INSERT INTO CT_DKHP (MaPhieuDKHP, MaMo) VALUES ('DK000108', 'MM000155');
INSERT INTO CT_DKHP (MaPhieuDKHP, MaMo) VALUES ('DK000108', 'MM000174');
INSERT INTO CT_DKHP (MaPhieuDKHP, MaMo) VALUES ('DK000108', 'MM000177');
INSERT INTO CT_DKHP (MaPhieuDKHP, MaMo) VALUES ('DK000108', 'MM000152');
INSERT INTO CT_DKHP (MaPhieuDKHP, MaMo) VALUES ('DK000108', 'MM000160');
INSERT INTO CT_DKHP (MaPhieuDKHP, MaMo) VALUES ('DK000109', 'MM000162');
INSERT INTO CT_DKHP (MaPhieuDKHP, MaMo) VALUES ('DK000109', 'MM000165');
INSERT INTO CT_DKHP (MaPhieuDKHP, MaMo) VALUES ('DK000109', 'MM000176');
INSERT INTO CT_DKHP (MaPhieuDKHP, MaMo) VALUES ('DK000109', 'MM000156');
INSERT INTO CT_DKHP (MaPhieuDKHP, MaMo) VALUES ('DK000110', 'MM000158');
INSERT INTO CT_DKHP (MaPhieuDKHP, MaMo) VALUES ('DK000110', 'MM000153');
INSERT INTO CT_DKHP (MaPhieuDKHP, MaMo) VALUES ('DK000110', 'MM000164');
INSERT INTO CT_DKHP (MaPhieuDKHP, MaMo) VALUES ('DK000110', 'MM000177');
INSERT INTO CT_DKHP (MaPhieuDKHP, MaMo) VALUES ('DK000110', 'MM000168');
INSERT INTO CT_DKHP (MaPhieuDKHP, MaMo) VALUES ('DK000110', 'MM000159');
INSERT INTO CT_DKHP (MaPhieuDKHP, MaMo) VALUES ('DK000111', 'MM000156');
INSERT INTO CT_DKHP (MaPhieuDKHP, MaMo) VALUES ('DK000111', 'MM000178');
INSERT INTO CT_DKHP (MaPhieuDKHP, MaMo) VALUES ('DK000111', 'MM000164');
INSERT INTO CT_DKHP (MaPhieuDKHP, MaMo) VALUES ('DK000111', 'MM000158');
INSERT INTO CT_DKHP (MaPhieuDKHP, MaMo) VALUES ('DK000112', 'MM000154');
INSERT INTO CT_DKHP (MaPhieuDKHP, MaMo) VALUES ('DK000112', 'MM000155');
INSERT INTO CT_DKHP (MaPhieuDKHP, MaMo) VALUES ('DK000112', 'MM000180');
INSERT INTO CT_DKHP (MaPhieuDKHP, MaMo) VALUES ('DK000112', 'MM000167');
INSERT INTO CT_DKHP (MaPhieuDKHP, MaMo) VALUES ('DK000112', 'MM000166');
INSERT INTO CT_DKHP (MaPhieuDKHP, MaMo) VALUES ('DK000112', 'MM000159');
INSERT INTO CT_DKHP (MaPhieuDKHP, MaMo) VALUES ('DK000113', 'MM000158');
INSERT INTO CT_DKHP (MaPhieuDKHP, MaMo) VALUES ('DK000113', 'MM000178');
INSERT INTO CT_DKHP (MaPhieuDKHP, MaMo) VALUES ('DK000113', 'MM000163');
INSERT INTO CT_DKHP (MaPhieuDKHP, MaMo) VALUES ('DK000113', 'MM000180');
INSERT INTO CT_DKHP (MaPhieuDKHP, MaMo) VALUES ('DK000113', 'MM000166');
INSERT INTO CT_DKHP (MaPhieuDKHP, MaMo) VALUES ('DK000114', 'MM000163');
INSERT INTO CT_DKHP (MaPhieuDKHP, MaMo) VALUES ('DK000114', 'MM000153');
INSERT INTO CT_DKHP (MaPhieuDKHP, MaMo) VALUES ('DK000114', 'MM000170');
INSERT INTO CT_DKHP (MaPhieuDKHP, MaMo) VALUES ('DK000114', 'MM000157');
INSERT INTO CT_DKHP (MaPhieuDKHP, MaMo) VALUES ('DK000114', 'MM000155');
INSERT INTO CT_DKHP (MaPhieuDKHP, MaMo) VALUES ('DK000115', 'MM000167');
INSERT INTO CT_DKHP (MaPhieuDKHP, MaMo) VALUES ('DK000115', 'MM000162');
INSERT INTO CT_DKHP (MaPhieuDKHP, MaMo) VALUES ('DK000115', 'MM000175');
INSERT INTO CT_DKHP (MaPhieuDKHP, MaMo) VALUES ('DK000116', 'MM000156');
INSERT INTO CT_DKHP (MaPhieuDKHP, MaMo) VALUES ('DK000116', 'MM000173');
INSERT INTO CT_DKHP (MaPhieuDKHP, MaMo) VALUES ('DK000116', 'MM000167');
INSERT INTO CT_DKHP (MaPhieuDKHP, MaMo) VALUES ('DK000116', 'MM000166');
INSERT INTO CT_DKHP (MaPhieuDKHP, MaMo) VALUES ('DK000116', 'MM000158');
INSERT INTO CT_DKHP (MaPhieuDKHP, MaMo) VALUES ('DK000116', 'MM000180');
INSERT INTO CT_DKHP (MaPhieuDKHP, MaMo) VALUES ('DK000116', 'MM000157');
INSERT INTO CT_DKHP (MaPhieuDKHP, MaMo) VALUES ('DK000117', 'MM000157');
INSERT INTO CT_DKHP (MaPhieuDKHP, MaMo) VALUES ('DK000117', 'MM000180');
INSERT INTO CT_DKHP (MaPhieuDKHP, MaMo) VALUES ('DK000117', 'MM000167');
INSERT INTO CT_DKHP (MaPhieuDKHP, MaMo) VALUES ('DK000117', 'MM000174');
INSERT INTO CT_DKHP (MaPhieuDKHP, MaMo) VALUES ('DK000118', 'MM000155');
INSERT INTO CT_DKHP (MaPhieuDKHP, MaMo) VALUES ('DK000118', 'MM000177');
INSERT INTO CT_DKHP (MaPhieuDKHP, MaMo) VALUES ('DK000118', 'MM000157');
INSERT INTO CT_DKHP (MaPhieuDKHP, MaMo) VALUES ('DK000118', 'MM000168');
INSERT INTO CT_DKHP (MaPhieuDKHP, MaMo) VALUES ('DK000118', 'MM000164');
INSERT INTO CT_DKHP (MaPhieuDKHP, MaMo) VALUES ('DK000118', 'MM000165');
INSERT INTO CT_DKHP (MaPhieuDKHP, MaMo) VALUES ('DK000119', 'MM000174');
INSERT INTO CT_DKHP (MaPhieuDKHP, MaMo) VALUES ('DK000119', 'MM000164');
INSERT INTO CT_DKHP (MaPhieuDKHP, MaMo) VALUES ('DK000119', 'MM000153');
INSERT INTO CT_DKHP (MaPhieuDKHP, MaMo) VALUES ('DK000119', 'MM000152');
INSERT INTO CT_DKHP (MaPhieuDKHP, MaMo) VALUES ('DK000119', 'MM000177');
INSERT INTO CT_DKHP (MaPhieuDKHP, MaMo) VALUES ('DK000120', 'MM000180');
INSERT INTO CT_DKHP (MaPhieuDKHP, MaMo) VALUES ('DK000120', 'MM000163');
INSERT INTO CT_DKHP (MaPhieuDKHP, MaMo) VALUES ('DK000120', 'MM000169');
INSERT INTO CT_DKHP (MaPhieuDKHP, MaMo) VALUES ('DK000120', 'MM000155');
INSERT INTO CT_DKHP (MaPhieuDKHP, MaMo) VALUES ('DK000120', 'MM000179');

INSERT INTO CT_DKHP(MaPhieuDKHP, MaMo) VALUES ('DK000161', 'MM000266');
INSERT INTO CT_DKHP(MaPhieuDKHP, MaMo) VALUES ('DK000161', 'MM000267');
INSERT INTO CT_DKHP(MaPhieuDKHP, MaMo) VALUES ('DK000161', 'MM000268');
INSERT INTO CT_DKHP(MaPhieuDKHP, MaMo) VALUES ('DK000161', 'MM000269');
INSERT INTO CT_DKHP(MaPhieuDKHP, MaMo) VALUES ('DK000161', 'MM000272');
INSERT INTO CT_DKHP(MaPhieuDKHP, MaMo) VALUES ('DK000161', 'MM000273');
INSERT INTO CT_DKHP(MaPhieuDKHP, MaMo) VALUES ('DK000161', 'MM000274');
INSERT INTO CT_DKHP(MaPhieuDKHP, MaMo) VALUES ('DK000161', 'MM000275');
INSERT INTO CT_DKHP(MaPhieuDKHP, MaMo) VALUES ('DK000162', 'MM000266');
INSERT INTO CT_DKHP(MaPhieuDKHP, MaMo) VALUES ('DK000162', 'MM000267');
INSERT INTO CT_DKHP(MaPhieuDKHP, MaMo) VALUES ('DK000162', 'MM000268');
INSERT INTO CT_DKHP(MaPhieuDKHP, MaMo) VALUES ('DK000162', 'MM000269');
INSERT INTO CT_DKHP(MaPhieuDKHP, MaMo) VALUES ('DK000162', 'MM000272');
INSERT INTO CT_DKHP(MaPhieuDKHP, MaMo) VALUES ('DK000162', 'MM000273');
INSERT INTO CT_DKHP(MaPhieuDKHP, MaMo) VALUES ('DK000162', 'MM000274');
INSERT INTO CT_DKHP(MaPhieuDKHP, MaMo) VALUES ('DK000162', 'MM000275');
INSERT INTO CT_DKHP(MaPhieuDKHP, MaMo) VALUES ('DK000163', 'MM000266');
INSERT INTO CT_DKHP(MaPhieuDKHP, MaMo) VALUES ('DK000163', 'MM000267');
INSERT INTO CT_DKHP(MaPhieuDKHP, MaMo) VALUES ('DK000163', 'MM000268');
INSERT INTO CT_DKHP(MaPhieuDKHP, MaMo) VALUES ('DK000163', 'MM000269');
INSERT INTO CT_DKHP(MaPhieuDKHP, MaMo) VALUES ('DK000163', 'MM000272');
INSERT INTO CT_DKHP(MaPhieuDKHP, MaMo) VALUES ('DK000163', 'MM000273');
INSERT INTO CT_DKHP(MaPhieuDKHP, MaMo) VALUES ('DK000163', 'MM000274');
INSERT INTO CT_DKHP(MaPhieuDKHP, MaMo) VALUES ('DK000163', 'MM000275');
INSERT INTO CT_DKHP(MaPhieuDKHP, MaMo) VALUES ('DK000164', 'MM000266');
INSERT INTO CT_DKHP(MaPhieuDKHP, MaMo) VALUES ('DK000164', 'MM000267');
INSERT INTO CT_DKHP(MaPhieuDKHP, MaMo) VALUES ('DK000164', 'MM000268');
INSERT INTO CT_DKHP(MaPhieuDKHP, MaMo) VALUES ('DK000164', 'MM000269');
INSERT INTO CT_DKHP(MaPhieuDKHP, MaMo) VALUES ('DK000164', 'MM000272');
INSERT INTO CT_DKHP(MaPhieuDKHP, MaMo) VALUES ('DK000164', 'MM000273');
INSERT INTO CT_DKHP(MaPhieuDKHP, MaMo) VALUES ('DK000164', 'MM000274');
INSERT INTO CT_DKHP(MaPhieuDKHP, MaMo) VALUES ('DK000164', 'MM000275');
INSERT INTO CT_DKHP(MaPhieuDKHP, MaMo) VALUES ('DK000165', 'MM000266');
INSERT INTO CT_DKHP(MaPhieuDKHP, MaMo) VALUES ('DK000165', 'MM000267');
INSERT INTO CT_DKHP(MaPhieuDKHP, MaMo) VALUES ('DK000165', 'MM000268');
INSERT INTO CT_DKHP(MaPhieuDKHP, MaMo) VALUES ('DK000165', 'MM000269');
INSERT INTO CT_DKHP(MaPhieuDKHP, MaMo) VALUES ('DK000165', 'MM000272');
INSERT INTO CT_DKHP(MaPhieuDKHP, MaMo) VALUES ('DK000165', 'MM000273');
INSERT INTO CT_DKHP(MaPhieuDKHP, MaMo) VALUES ('DK000165', 'MM000274');
INSERT INTO CT_DKHP(MaPhieuDKHP, MaMo) VALUES ('DK000165', 'MM000275');
INSERT INTO CT_DKHP(MaPhieuDKHP, MaMo) VALUES ('DK000166', 'MM000266');
INSERT INTO CT_DKHP(MaPhieuDKHP, MaMo) VALUES ('DK000166', 'MM000267');
INSERT INTO CT_DKHP(MaPhieuDKHP, MaMo) VALUES ('DK000166', 'MM000268');
INSERT INTO CT_DKHP(MaPhieuDKHP, MaMo) VALUES ('DK000166', 'MM000269');
INSERT INTO CT_DKHP(MaPhieuDKHP, MaMo) VALUES ('DK000166', 'MM000272');
INSERT INTO CT_DKHP(MaPhieuDKHP, MaMo) VALUES ('DK000166', 'MM000273');
INSERT INTO CT_DKHP(MaPhieuDKHP, MaMo) VALUES ('DK000166', 'MM000274');
INSERT INTO CT_DKHP(MaPhieuDKHP, MaMo) VALUES ('DK000166', 'MM000275');
INSERT INTO CT_DKHP(MaPhieuDKHP, MaMo) VALUES ('DK000167', 'MM000266');
INSERT INTO CT_DKHP(MaPhieuDKHP, MaMo) VALUES ('DK000167', 'MM000267');
INSERT INTO CT_DKHP(MaPhieuDKHP, MaMo) VALUES ('DK000167', 'MM000268');
INSERT INTO CT_DKHP(MaPhieuDKHP, MaMo) VALUES ('DK000167', 'MM000269');
INSERT INTO CT_DKHP(MaPhieuDKHP, MaMo) VALUES ('DK000167', 'MM000272');
INSERT INTO CT_DKHP(MaPhieuDKHP, MaMo) VALUES ('DK000167', 'MM000273');
INSERT INTO CT_DKHP(MaPhieuDKHP, MaMo) VALUES ('DK000167', 'MM000274');
INSERT INTO CT_DKHP(MaPhieuDKHP, MaMo) VALUES ('DK000167', 'MM000275');
INSERT INTO CT_DKHP(MaPhieuDKHP, MaMo) VALUES ('DK000168', 'MM000266');
INSERT INTO CT_DKHP(MaPhieuDKHP, MaMo) VALUES ('DK000168', 'MM000267');
INSERT INTO CT_DKHP(MaPhieuDKHP, MaMo) VALUES ('DK000168', 'MM000268');
INSERT INTO CT_DKHP(MaPhieuDKHP, MaMo) VALUES ('DK000168', 'MM000269');
INSERT INTO CT_DKHP(MaPhieuDKHP, MaMo) VALUES ('DK000168', 'MM000272');
INSERT INTO CT_DKHP(MaPhieuDKHP, MaMo) VALUES ('DK000168', 'MM000273');
INSERT INTO CT_DKHP(MaPhieuDKHP, MaMo) VALUES ('DK000168', 'MM000274');
INSERT INTO CT_DKHP(MaPhieuDKHP, MaMo) VALUES ('DK000168', 'MM000275');
INSERT INTO CT_DKHP(MaPhieuDKHP, MaMo) VALUES ('DK000169', 'MM000266');
INSERT INTO CT_DKHP(MaPhieuDKHP, MaMo) VALUES ('DK000169', 'MM000267');
INSERT INTO CT_DKHP(MaPhieuDKHP, MaMo) VALUES ('DK000169', 'MM000268');
INSERT INTO CT_DKHP(MaPhieuDKHP, MaMo) VALUES ('DK000169', 'MM000269');
INSERT INTO CT_DKHP(MaPhieuDKHP, MaMo) VALUES ('DK000169', 'MM000272');
INSERT INTO CT_DKHP(MaPhieuDKHP, MaMo) VALUES ('DK000169', 'MM000273');
INSERT INTO CT_DKHP(MaPhieuDKHP, MaMo) VALUES ('DK000169', 'MM000274');
INSERT INTO CT_DKHP(MaPhieuDKHP, MaMo) VALUES ('DK000169', 'MM000275');
INSERT INTO CT_DKHP(MaPhieuDKHP, MaMo) VALUES ('DK000170', 'MM000266');
INSERT INTO CT_DKHP(MaPhieuDKHP, MaMo) VALUES ('DK000170', 'MM000267');
INSERT INTO CT_DKHP(MaPhieuDKHP, MaMo) VALUES ('DK000170', 'MM000268');
INSERT INTO CT_DKHP(MaPhieuDKHP, MaMo) VALUES ('DK000170', 'MM000269');
INSERT INTO CT_DKHP(MaPhieuDKHP, MaMo) VALUES ('DK000170', 'MM000272');
INSERT INTO CT_DKHP(MaPhieuDKHP, MaMo) VALUES ('DK000170', 'MM000273');
INSERT INTO CT_DKHP(MaPhieuDKHP, MaMo) VALUES ('DK000170', 'MM000274');
INSERT INTO CT_DKHP(MaPhieuDKHP, MaMo) VALUES ('DK000170', 'MM000275');
INSERT INTO CT_DKHP(MaPhieuDKHP, MaMo) VALUES ('DK000171', 'MM000272');
INSERT INTO CT_DKHP(MaPhieuDKHP, MaMo) VALUES ('DK000171', 'MM000273');
INSERT INTO CT_DKHP(MaPhieuDKHP, MaMo) VALUES ('DK000171', 'MM000274');
INSERT INTO CT_DKHP(MaPhieuDKHP, MaMo) VALUES ('DK000171', 'MM000275');
INSERT INTO CT_DKHP(MaPhieuDKHP, MaMo) VALUES ('DK000171', 'MM000278');
INSERT INTO CT_DKHP(MaPhieuDKHP, MaMo) VALUES ('DK000171', 'MM000279');
INSERT INTO CT_DKHP(MaPhieuDKHP, MaMo) VALUES ('DK000171', 'MM000280');
INSERT INTO CT_DKHP(MaPhieuDKHP, MaMo) VALUES ('DK000171', 'MM000281');
INSERT INTO CT_DKHP(MaPhieuDKHP, MaMo) VALUES ('DK000172', 'MM000272');
INSERT INTO CT_DKHP(MaPhieuDKHP, MaMo) VALUES ('DK000172', 'MM000273');
INSERT INTO CT_DKHP(MaPhieuDKHP, MaMo) VALUES ('DK000172', 'MM000274');
INSERT INTO CT_DKHP(MaPhieuDKHP, MaMo) VALUES ('DK000172', 'MM000275');
INSERT INTO CT_DKHP(MaPhieuDKHP, MaMo) VALUES ('DK000172', 'MM000278');
INSERT INTO CT_DKHP(MaPhieuDKHP, MaMo) VALUES ('DK000172', 'MM000279');
INSERT INTO CT_DKHP(MaPhieuDKHP, MaMo) VALUES ('DK000172', 'MM000280');
INSERT INTO CT_DKHP(MaPhieuDKHP, MaMo) VALUES ('DK000172', 'MM000281');
INSERT INTO CT_DKHP(MaPhieuDKHP, MaMo) VALUES ('DK000173', 'MM000272');
INSERT INTO CT_DKHP(MaPhieuDKHP, MaMo) VALUES ('DK000173', 'MM000273');
INSERT INTO CT_DKHP(MaPhieuDKHP, MaMo) VALUES ('DK000173', 'MM000274');
INSERT INTO CT_DKHP(MaPhieuDKHP, MaMo) VALUES ('DK000173', 'MM000275');
INSERT INTO CT_DKHP(MaPhieuDKHP, MaMo) VALUES ('DK000173', 'MM000278');
INSERT INTO CT_DKHP(MaPhieuDKHP, MaMo) VALUES ('DK000173', 'MM000279');
INSERT INTO CT_DKHP(MaPhieuDKHP, MaMo) VALUES ('DK000173', 'MM000280');
INSERT INTO CT_DKHP(MaPhieuDKHP, MaMo) VALUES ('DK000173', 'MM000281');
INSERT INTO CT_DKHP(MaPhieuDKHP, MaMo) VALUES ('DK000174', 'MM000272');
INSERT INTO CT_DKHP(MaPhieuDKHP, MaMo) VALUES ('DK000174', 'MM000273');
INSERT INTO CT_DKHP(MaPhieuDKHP, MaMo) VALUES ('DK000174', 'MM000274');
INSERT INTO CT_DKHP(MaPhieuDKHP, MaMo) VALUES ('DK000174', 'MM000275');
INSERT INTO CT_DKHP(MaPhieuDKHP, MaMo) VALUES ('DK000174', 'MM000278');
INSERT INTO CT_DKHP(MaPhieuDKHP, MaMo) VALUES ('DK000174', 'MM000279');
INSERT INTO CT_DKHP(MaPhieuDKHP, MaMo) VALUES ('DK000174', 'MM000280');
INSERT INTO CT_DKHP(MaPhieuDKHP, MaMo) VALUES ('DK000174', 'MM000281');
INSERT INTO CT_DKHP(MaPhieuDKHP, MaMo) VALUES ('DK000175', 'MM000272');
INSERT INTO CT_DKHP(MaPhieuDKHP, MaMo) VALUES ('DK000175', 'MM000273');
INSERT INTO CT_DKHP(MaPhieuDKHP, MaMo) VALUES ('DK000175', 'MM000274');
INSERT INTO CT_DKHP(MaPhieuDKHP, MaMo) VALUES ('DK000175', 'MM000275');
INSERT INTO CT_DKHP(MaPhieuDKHP, MaMo) VALUES ('DK000175', 'MM000278');
INSERT INTO CT_DKHP(MaPhieuDKHP, MaMo) VALUES ('DK000175', 'MM000279');
INSERT INTO CT_DKHP(MaPhieuDKHP, MaMo) VALUES ('DK000175', 'MM000280');
INSERT INTO CT_DKHP(MaPhieuDKHP, MaMo) VALUES ('DK000175', 'MM000281');
INSERT INTO CT_DKHP(MaPhieuDKHP, MaMo) VALUES ('DK000176', 'MM000272');
INSERT INTO CT_DKHP(MaPhieuDKHP, MaMo) VALUES ('DK000176', 'MM000273');
INSERT INTO CT_DKHP(MaPhieuDKHP, MaMo) VALUES ('DK000176', 'MM000274');
INSERT INTO CT_DKHP(MaPhieuDKHP, MaMo) VALUES ('DK000176', 'MM000275');
INSERT INTO CT_DKHP(MaPhieuDKHP, MaMo) VALUES ('DK000176', 'MM000278');
INSERT INTO CT_DKHP(MaPhieuDKHP, MaMo) VALUES ('DK000176', 'MM000279');
INSERT INTO CT_DKHP(MaPhieuDKHP, MaMo) VALUES ('DK000176', 'MM000280');
INSERT INTO CT_DKHP(MaPhieuDKHP, MaMo) VALUES ('DK000176', 'MM000281');
INSERT INTO CT_DKHP(MaPhieuDKHP, MaMo) VALUES ('DK000177', 'MM000272');
INSERT INTO CT_DKHP(MaPhieuDKHP, MaMo) VALUES ('DK000177', 'MM000273');
INSERT INTO CT_DKHP(MaPhieuDKHP, MaMo) VALUES ('DK000177', 'MM000274');
INSERT INTO CT_DKHP(MaPhieuDKHP, MaMo) VALUES ('DK000177', 'MM000275');
INSERT INTO CT_DKHP(MaPhieuDKHP, MaMo) VALUES ('DK000177', 'MM000278');
INSERT INTO CT_DKHP(MaPhieuDKHP, MaMo) VALUES ('DK000177', 'MM000279');
INSERT INTO CT_DKHP(MaPhieuDKHP, MaMo) VALUES ('DK000177', 'MM000280');
INSERT INTO CT_DKHP(MaPhieuDKHP, MaMo) VALUES ('DK000177', 'MM000281');
INSERT INTO CT_DKHP(MaPhieuDKHP, MaMo) VALUES ('DK000178', 'MM000272');
INSERT INTO CT_DKHP(MaPhieuDKHP, MaMo) VALUES ('DK000178', 'MM000273');
INSERT INTO CT_DKHP(MaPhieuDKHP, MaMo) VALUES ('DK000178', 'MM000274');
INSERT INTO CT_DKHP(MaPhieuDKHP, MaMo) VALUES ('DK000178', 'MM000275');
INSERT INTO CT_DKHP(MaPhieuDKHP, MaMo) VALUES ('DK000178', 'MM000278');
INSERT INTO CT_DKHP(MaPhieuDKHP, MaMo) VALUES ('DK000178', 'MM000279');
INSERT INTO CT_DKHP(MaPhieuDKHP, MaMo) VALUES ('DK000178', 'MM000280');
INSERT INTO CT_DKHP(MaPhieuDKHP, MaMo) VALUES ('DK000178', 'MM000281');
INSERT INTO CT_DKHP(MaPhieuDKHP, MaMo) VALUES ('DK000179', 'MM000272');
INSERT INTO CT_DKHP(MaPhieuDKHP, MaMo) VALUES ('DK000179', 'MM000273');
INSERT INTO CT_DKHP(MaPhieuDKHP, MaMo) VALUES ('DK000179', 'MM000274');
INSERT INTO CT_DKHP(MaPhieuDKHP, MaMo) VALUES ('DK000179', 'MM000275');
INSERT INTO CT_DKHP(MaPhieuDKHP, MaMo) VALUES ('DK000179', 'MM000278');
INSERT INTO CT_DKHP(MaPhieuDKHP, MaMo) VALUES ('DK000179', 'MM000279');
INSERT INTO CT_DKHP(MaPhieuDKHP, MaMo) VALUES ('DK000179', 'MM000280');
INSERT INTO CT_DKHP(MaPhieuDKHP, MaMo) VALUES ('DK000179', 'MM000281');
INSERT INTO CT_DKHP(MaPhieuDKHP, MaMo) VALUES ('DK000180', 'MM000272');
INSERT INTO CT_DKHP(MaPhieuDKHP, MaMo) VALUES ('DK000180', 'MM000273');
INSERT INTO CT_DKHP(MaPhieuDKHP, MaMo) VALUES ('DK000180', 'MM000274');
INSERT INTO CT_DKHP(MaPhieuDKHP, MaMo) VALUES ('DK000180', 'MM000275');
INSERT INTO CT_DKHP(MaPhieuDKHP, MaMo) VALUES ('DK000180', 'MM000278');
INSERT INTO CT_DKHP(MaPhieuDKHP, MaMo) VALUES ('DK000180', 'MM000279');
INSERT INTO CT_DKHP(MaPhieuDKHP, MaMo) VALUES ('DK000180', 'MM000280');
INSERT INTO CT_DKHP(MaPhieuDKHP, MaMo) VALUES ('DK000180', 'MM000281');
INSERT INTO CT_DKHP(MaPhieuDKHP, MaMo) VALUES ('DK000181', 'MM000283');
INSERT INTO CT_DKHP(MaPhieuDKHP, MaMo) VALUES ('DK000181', 'MM000288');
INSERT INTO CT_DKHP(MaPhieuDKHP, MaMo) VALUES ('DK000182', 'MM000282');
INSERT INTO CT_DKHP(MaPhieuDKHP, MaMo) VALUES ('DK000182', 'MM000284');
INSERT INTO CT_DKHP(MaPhieuDKHP, MaMo) VALUES ('DK000182', 'MM000285');
INSERT INTO CT_DKHP(MaPhieuDKHP, MaMo) VALUES ('DK000183', 'MM000282');
INSERT INTO CT_DKHP(MaPhieuDKHP, MaMo) VALUES ('DK000183', 'MM000284');
INSERT INTO CT_DKHP(MaPhieuDKHP, MaMo) VALUES ('DK000183', 'MM000285');
INSERT INTO CT_DKHP(MaPhieuDKHP, MaMo) VALUES ('DK000184', 'MM000297');
INSERT INTO CT_DKHP(MaPhieuDKHP, MaMo) VALUES ('DK000184', 'MM000298');
INSERT INTO CT_DKHP(MaPhieuDKHP, MaMo) VALUES ('DK000185', 'MM000297');
INSERT INTO CT_DKHP(MaPhieuDKHP, MaMo) VALUES ('DK000185', 'MM000298');
INSERT INTO CT_DKHP(MaPhieuDKHP, MaMo) VALUES ('DK000186', 'MM000297');
INSERT INTO CT_DKHP(MaPhieuDKHP, MaMo) VALUES ('DK000186', 'MM000298');
INSERT INTO CT_DKHP(MaPhieuDKHP, MaMo) VALUES ('DK000187', 'MM000297');
INSERT INTO CT_DKHP(MaPhieuDKHP, MaMo) VALUES ('DK000187', 'MM000298');
INSERT INTO CT_DKHP(MaPhieuDKHP, MaMo) VALUES ('DK000188', 'MM000282');
INSERT INTO CT_DKHP(MaPhieuDKHP, MaMo) VALUES ('DK000188', 'MM000283');
INSERT INTO CT_DKHP(MaPhieuDKHP, MaMo) VALUES ('DK000188', 'MM000288');
INSERT INTO CT_DKHP(MaPhieuDKHP, MaMo) VALUES ('DK000189', 'MM000282');
INSERT INTO CT_DKHP(MaPhieuDKHP, MaMo) VALUES ('DK000189', 'MM000283');
INSERT INTO CT_DKHP(MaPhieuDKHP, MaMo) VALUES ('DK000189', 'MM000288');
INSERT INTO CT_DKHP(MaPhieuDKHP, MaMo) VALUES ('DK000190', 'MM000286');
INSERT INTO CT_DKHP(MaPhieuDKHP, MaMo) VALUES ('DK000191', 'MM000286');
INSERT INTO CT_DKHP(MaPhieuDKHP, MaMo) VALUES ('DK000192', 'MM000287');
INSERT INTO CT_DKHP(MaPhieuDKHP, MaMo) VALUES ('DK000193', 'MM000289');
INSERT INTO CT_DKHP(MaPhieuDKHP, MaMo) VALUES ('DK000194', 'MM000291');
INSERT INTO CT_DKHP(MaPhieuDKHP, MaMo) VALUES ('DK000194', 'MM000292');
INSERT INTO CT_DKHP(MaPhieuDKHP, MaMo) VALUES ('DK000195', 'MM000291');
INSERT INTO CT_DKHP(MaPhieuDKHP, MaMo) VALUES ('DK000195', 'MM000292');
INSERT INTO CT_DKHP(MaPhieuDKHP, MaMo) VALUES ('DK000196', 'MM000293');
INSERT INTO CT_DKHP(MaPhieuDKHP, MaMo) VALUES ('DK000196', 'MM000294');
INSERT INTO CT_DKHP(MaPhieuDKHP, MaMo) VALUES ('DK000197', 'MM000283');
INSERT INTO CT_DKHP(MaPhieuDKHP, MaMo) VALUES ('DK000197', 'MM000293');
INSERT INTO CT_DKHP(MaPhieuDKHP, MaMo) VALUES ('DK000197', 'MM000294');
INSERT INTO CT_DKHP(MaPhieuDKHP, MaMo) VALUES ('DK000198', 'MM000283');
INSERT INTO CT_DKHP(MaPhieuDKHP, MaMo) VALUES ('DK000198', 'MM000293');
INSERT INTO CT_DKHP(MaPhieuDKHP, MaMo) VALUES ('DK000198', 'MM000294');
INSERT INTO CT_DKHP(MaPhieuDKHP, MaMo) VALUES ('DK000199', 'MM000282');
INSERT INTO CT_DKHP(MaPhieuDKHP, MaMo) VALUES ('DK000200', 'MM000285');

--Table PHIEUTHUHP
INSERT INTO PHIEUTHUHP (MaPhieuThu, SoTienThu, NgayLap, MaPhieuDKHP) VALUES ('PT000161', 297000, '5-8-2022', 'DK000081');
INSERT INTO PHIEUTHUHP (MaPhieuThu, SoTienThu, NgayLap, MaPhieuDKHP) VALUES ('PT000162', 100000, '3-8-2022', 'DK000082');
INSERT INTO PHIEUTHUHP (MaPhieuThu, SoTienThu, NgayLap, MaPhieuDKHP) VALUES ('PT000163', 100000, '10-8-2022', 'DK000082');
INSERT INTO PHIEUTHUHP (MaPhieuThu, SoTienThu, NgayLap, MaPhieuDKHP) VALUES ('PT000164', 100000, '22-8-2022', 'DK000082');
INSERT INTO PHIEUTHUHP (MaPhieuThu, SoTienThu, NgayLap, MaPhieuDKHP) VALUES ('PT000165', 71000, '27-8-2022', 'DK000082');
INSERT INTO PHIEUTHUHP (MaPhieuThu, SoTienThu, NgayLap, MaPhieuDKHP) VALUES ('PT000166', 200000, '2-8-2022', 'DK000083');
INSERT INTO PHIEUTHUHP (MaPhieuThu, SoTienThu, NgayLap, MaPhieuDKHP) VALUES ('PT000167', 161000, '16-8-2022', 'DK000083');
INSERT INTO PHIEUTHUHP (MaPhieuThu, SoTienThu, NgayLap, MaPhieuDKHP) VALUES ('PT000168', 100000, '19-8-2022', 'DK000084');
INSERT INTO PHIEUTHUHP (MaPhieuThu, SoTienThu, NgayLap, MaPhieuDKHP) VALUES ('PT000169', 100000, '1-8-2022', 'DK000085');
INSERT INTO PHIEUTHUHP (MaPhieuThu, SoTienThu, NgayLap, MaPhieuDKHP) VALUES ('PT000170', 53500, '27-8-2022', 'DK000085');
INSERT INTO PHIEUTHUHP (MaPhieuThu, SoTienThu, NgayLap, MaPhieuDKHP) VALUES ('PT000171', 100000, '6-8-2022', 'DK000086');
INSERT INTO PHIEUTHUHP (MaPhieuThu, SoTienThu, NgayLap, MaPhieuDKHP) VALUES ('PT000172', 100000, '11-8-2022', 'DK000086');
INSERT INTO PHIEUTHUHP (MaPhieuThu, SoTienThu, NgayLap, MaPhieuDKHP) VALUES ('PT000173', 107000, '25-8-2022', 'DK000086');
INSERT INTO PHIEUTHUHP (MaPhieuThu, SoTienThu, NgayLap, MaPhieuDKHP) VALUES ('PT000174', 100000, '15-8-2022', 'DK000087');
INSERT INTO PHIEUTHUHP (MaPhieuThu, SoTienThu, NgayLap, MaPhieuDKHP) VALUES ('PT000175', 100000, '20-8-2022', 'DK000087');
INSERT INTO PHIEUTHUHP (MaPhieuThu, SoTienThu, NgayLap, MaPhieuDKHP) VALUES ('PT000176', 344000, '13-8-2022', 'DK000088');
INSERT INTO PHIEUTHUHP (MaPhieuThu, SoTienThu, NgayLap, MaPhieuDKHP) VALUES ('PT000177', 354000, '17-8-2022', 'DK000089');
INSERT INTO PHIEUTHUHP (MaPhieuThu, SoTienThu, NgayLap, MaPhieuDKHP) VALUES ('PT000178', 50000, '6-8-2022', 'DK000090');
INSERT INTO PHIEUTHUHP (MaPhieuThu, SoTienThu, NgayLap, MaPhieuDKHP) VALUES ('PT000179', 50000, '11-8-2022', 'DK000090');
INSERT INTO PHIEUTHUHP (MaPhieuThu, SoTienThu, NgayLap, MaPhieuDKHP) VALUES ('PT000180', 50000, '17-8-2022', 'DK000090');
INSERT INTO PHIEUTHUHP (MaPhieuThu, SoTienThu, NgayLap, MaPhieuDKHP) VALUES ('PT000181', 50000, '22-8-2022', 'DK000090');
INSERT INTO PHIEUTHUHP (MaPhieuThu, SoTienThu, NgayLap, MaPhieuDKHP) VALUES ('PT000182', 270000, '9-8-2022', 'DK000091');
INSERT INTO PHIEUTHUHP (MaPhieuThu, SoTienThu, NgayLap, MaPhieuDKHP) VALUES ('PT000183', 100000, '3-8-2022', 'DK000092');
INSERT INTO PHIEUTHUHP (MaPhieuThu, SoTienThu, NgayLap, MaPhieuDKHP) VALUES ('PT000184', 100000, '6-8-2022', 'DK000092');
INSERT INTO PHIEUTHUHP (MaPhieuThu, SoTienThu, NgayLap, MaPhieuDKHP) VALUES ('PT000185', 36000, '9-8-2022', 'DK000092');
INSERT INTO PHIEUTHUHP (MaPhieuThu, SoTienThu, NgayLap, MaPhieuDKHP) VALUES ('PT000186', 50000, '6-8-2022', 'DK000093');
INSERT INTO PHIEUTHUHP (MaPhieuThu, SoTienThu, NgayLap, MaPhieuDKHP) VALUES ('PT000187', 50000, '25-8-2022', 'DK000093');
INSERT INTO PHIEUTHUHP (MaPhieuThu, SoTienThu, NgayLap, MaPhieuDKHP) VALUES ('PT000188', 250000, '6-8-2022', 'DK000094');
INSERT INTO PHIEUTHUHP (MaPhieuThu, SoTienThu, NgayLap, MaPhieuDKHP) VALUES ('PT000189', 229000, '18-8-2022', 'DK000094');
INSERT INTO PHIEUTHUHP (MaPhieuThu, SoTienThu, NgayLap, MaPhieuDKHP) VALUES ('PT000190', 334000, '7-8-2022', 'DK000095');
INSERT INTO PHIEUTHUHP (MaPhieuThu, SoTienThu, NgayLap, MaPhieuDKHP) VALUES ('PT000191', 75000, '5-8-2022', 'DK000096');
INSERT INTO PHIEUTHUHP (MaPhieuThu, SoTienThu, NgayLap, MaPhieuDKHP) VALUES ('PT000192', 75000, '16-8-2022', 'DK000096');
INSERT INTO PHIEUTHUHP (MaPhieuThu, SoTienThu, NgayLap, MaPhieuDKHP) VALUES ('PT000193', 150000, '21-8-2022', 'DK000096');
INSERT INTO PHIEUTHUHP (MaPhieuThu, SoTienThu, NgayLap, MaPhieuDKHP) VALUES ('PT000194', 34000, '28-8-2022', 'DK000096');
INSERT INTO PHIEUTHUHP (MaPhieuThu, SoTienThu, NgayLap, MaPhieuDKHP) VALUES ('PT000195', 100000, '7-8-2022', 'DK000097');
INSERT INTO PHIEUTHUHP (MaPhieuThu, SoTienThu, NgayLap, MaPhieuDKHP) VALUES ('PT000196', 116000, '17-8-2022', 'DK000097');
INSERT INTO PHIEUTHUHP (MaPhieuThu, SoTienThu, NgayLap, MaPhieuDKHP) VALUES ('PT000197', 324000, '18-8-2022', 'DK000098');
INSERT INTO PHIEUTHUHP (MaPhieuThu, SoTienThu, NgayLap, MaPhieuDKHP) VALUES ('PT000198', 280000, '14-8-2022', 'DK000099');
INSERT INTO PHIEUTHUHP (MaPhieuThu, SoTienThu, NgayLap, MaPhieuDKHP) VALUES ('PT000199', 200000, '5-8-2022', 'DK000100');
INSERT INTO PHIEUTHUHP (MaPhieuThu, SoTienThu, NgayLap, MaPhieuDKHP) VALUES ('PT000200', 225000, '26-8-2022', 'DK000100');
INSERT INTO PHIEUTHUHP (MaPhieuThu, SoTienThu, NgayLap, MaPhieuDKHP) VALUES ('PT000201', 150000, '14-1-2023', 'DK000101');
INSERT INTO PHIEUTHUHP (MaPhieuThu, SoTienThu, NgayLap, MaPhieuDKHP) VALUES ('PT000202', 150000, '21-1-2023', 'DK000101');
INSERT INTO PHIEUTHUHP (MaPhieuThu, SoTienThu, NgayLap, MaPhieuDKHP) VALUES ('PT000203', 135000, '11-2-2023', 'DK000101');
INSERT INTO PHIEUTHUHP (MaPhieuThu, SoTienThu, NgayLap, MaPhieuDKHP) VALUES ('PT000204', 334000, '16-1-2023', 'DK000102');
INSERT INTO PHIEUTHUHP (MaPhieuThu, SoTienThu, NgayLap, MaPhieuDKHP) VALUES ('PT000205', 150000, '11-1-2023', 'DK000103');
INSERT INTO PHIEUTHUHP (MaPhieuThu, SoTienThu, NgayLap, MaPhieuDKHP) VALUES ('PT000206', 130000, '28-1-2023', 'DK000103');
INSERT INTO PHIEUTHUHP (MaPhieuThu, SoTienThu, NgayLap, MaPhieuDKHP) VALUES ('PT000207', 100000, '31-1-2023', 'DK000104');
INSERT INTO PHIEUTHUHP (MaPhieuThu, SoTienThu, NgayLap, MaPhieuDKHP) VALUES ('PT000208', 100000, '6-2-2023', 'DK000104');
INSERT INTO PHIEUTHUHP (MaPhieuThu, SoTienThu, NgayLap, MaPhieuDKHP) VALUES ('PT000209', 90000, '11-2-2023', 'DK000104');
INSERT INTO PHIEUTHUHP (MaPhieuThu, SoTienThu, NgayLap, MaPhieuDKHP) VALUES ('PT000210', 361000, '15-1-2023', 'DK000105');
INSERT INTO PHIEUTHUHP (MaPhieuThu, SoTienThu, NgayLap, MaPhieuDKHP) VALUES ('PT000211', 150000, '12-1-2023', 'DK000106');
INSERT INTO PHIEUTHUHP (MaPhieuThu, SoTienThu, NgayLap, MaPhieuDKHP) VALUES ('PT000212', 159400, '27-1-2023', 'DK000106');
INSERT INTO PHIEUTHUHP (MaPhieuThu, SoTienThu, NgayLap, MaPhieuDKHP) VALUES ('PT000213', 344000, '2-2-2023', 'DK000107');
INSERT INTO PHIEUTHUHP (MaPhieuThu, SoTienThu, NgayLap, MaPhieuDKHP) VALUES ('PT000214', 100000, '24-1-2023', 'DK000108');
INSERT INTO PHIEUTHUHP (MaPhieuThu, SoTienThu, NgayLap, MaPhieuDKHP) VALUES ('PT000215', 100000, '30-1-2023', 'DK000108');
INSERT INTO PHIEUTHUHP (MaPhieuThu, SoTienThu, NgayLap, MaPhieuDKHP) VALUES ('PT000216', 215000, '6-2-2023', 'DK000108');
INSERT INTO PHIEUTHUHP (MaPhieuThu, SoTienThu, NgayLap, MaPhieuDKHP) VALUES ('PT000217', 100000, '22-1-2023', 'DK000109');
INSERT INTO PHIEUTHUHP (MaPhieuThu, SoTienThu, NgayLap, MaPhieuDKHP) VALUES ('PT000218', 278000, '5-2-2023', 'DK000109');
INSERT INTO PHIEUTHUHP (MaPhieuThu, SoTienThu, NgayLap, MaPhieuDKHP) VALUES ('PT000219', 100000, '13-1-2023', 'DK000110');
INSERT INTO PHIEUTHUHP (MaPhieuThu, SoTienThu, NgayLap, MaPhieuDKHP) VALUES ('PT000220', 217000, '28-1-2023', 'DK000110');
INSERT INTO PHIEUTHUHP (MaPhieuThu, SoTienThu, NgayLap, MaPhieuDKHP) VALUES ('PT000221', 50000, '15-1-2023', 'DK000111');
INSERT INTO PHIEUTHUHP (MaPhieuThu, SoTienThu, NgayLap, MaPhieuDKHP) VALUES ('PT000222', 50000, '29-1-2023', 'DK000111');
INSERT INTO PHIEUTHUHP (MaPhieuThu, SoTienThu, NgayLap, MaPhieuDKHP) VALUES ('PT000223', 126800, '9-2-2023', 'DK000111');
INSERT INTO PHIEUTHUHP (MaPhieuThu, SoTienThu, NgayLap, MaPhieuDKHP) VALUES ('PT000224', 415000, '13-1-2023', 'DK000112');
INSERT INTO PHIEUTHUHP (MaPhieuThu, SoTienThu, NgayLap, MaPhieuDKHP) VALUES ('PT000225', 100000, '15-1-2023', 'DK000113');
INSERT INTO PHIEUTHUHP (MaPhieuThu, SoTienThu, NgayLap, MaPhieuDKHP) VALUES ('PT000226', 100000, '24-1-2023', 'DK000113');
INSERT INTO PHIEUTHUHP (MaPhieuThu, SoTienThu, NgayLap, MaPhieuDKHP) VALUES ('PT000227', 134000, '1-2-2023', 'DK000113');
INSERT INTO PHIEUTHUHP (MaPhieuThu, SoTienThu, NgayLap, MaPhieuDKHP) VALUES ('PT000228', 100000, '22-1-2023', 'DK000114');
INSERT INTO PHIEUTHUHP (MaPhieuThu, SoTienThu, NgayLap, MaPhieuDKHP) VALUES ('PT000229', 100000, '23-1-2023', 'DK000114');
INSERT INTO PHIEUTHUHP (MaPhieuThu, SoTienThu, NgayLap, MaPhieuDKHP) VALUES ('PT000230', 205000, '29-1-2023', 'DK000114');
INSERT INTO PHIEUTHUHP (MaPhieuThu, SoTienThu, NgayLap, MaPhieuDKHP) VALUES ('PT000231', 150000, '13-1-2023', 'DK000116');
INSERT INTO PHIEUTHUHP (MaPhieuThu, SoTienThu, NgayLap, MaPhieuDKHP) VALUES ('PT000232', 150000, '2-2-2023', 'DK000116');
INSERT INTO PHIEUTHUHP (MaPhieuThu, SoTienThu, NgayLap, MaPhieuDKHP) VALUES ('PT000233', 179000, '10-2-2023', 'DK000116');
INSERT INTO PHIEUTHUHP (MaPhieuThu, SoTienThu, NgayLap, MaPhieuDKHP) VALUES ('PT000234', 280000, '6-2-2023', 'DK000117');
INSERT INTO PHIEUTHUHP (MaPhieuThu, SoTienThu, NgayLap, MaPhieuDKHP) VALUES ('PT000235', 425000, '31-1-2023', 'DK000118');
INSERT INTO PHIEUTHUHP (MaPhieuThu, SoTienThu, NgayLap, MaPhieuDKHP) VALUES ('PT000236', 334000, '1-2-2023', 'DK000119');
INSERT INTO PHIEUTHUHP (MaPhieuThu, SoTienThu, NgayLap, MaPhieuDKHP) VALUES ('PT000237', 100000, '16-1-2023', 'DK000120');
INSERT INTO PHIEUTHUHP (MaPhieuThu, SoTienThu, NgayLap, MaPhieuDKHP) VALUES ('PT000238', 100000, '24-1-2023', 'DK000120');
INSERT INTO PHIEUTHUHP (MaPhieuThu, SoTienThu, NgayLap, MaPhieuDKHP) VALUES ('PT000239', 100000, '1-2-2023', 'DK000120');
INSERT INTO PHIEUTHUHP (MaPhieuThu, SoTienThu, NgayLap, MaPhieuDKHP) VALUES ('PT000240', 44000, '7-2-2023', 'DK000120');

INSERT INTO PHIEUTHUHP(MaPhieuThu, SoTienThu, NgayLap, MaPhieuDKHP) VALUES ('PT000321', 100000, '20-1-2024', 'DK000161');
INSERT INTO PHIEUTHUHP(MaPhieuThu, SoTienThu, NgayLap, MaPhieuDKHP) VALUES ('PT000322', 100000, '24-1-2024', 'DK000161');
INSERT INTO PHIEUTHUHP(MaPhieuThu, SoTienThu, NgayLap, MaPhieuDKHP) VALUES ('PT000323', 200000, '28-1-2024', 'DK000161');
INSERT INTO PHIEUTHUHP(MaPhieuThu, SoTienThu, NgayLap, MaPhieuDKHP) VALUES ('PT000324', 200000, '21-1-2024', 'DK000162');
INSERT INTO PHIEUTHUHP(MaPhieuThu, SoTienThu, NgayLap, MaPhieuDKHP) VALUES ('PT000325', 200000, '22-1-2024', 'DK000162');
INSERT INTO PHIEUTHUHP(MaPhieuThu, SoTienThu, NgayLap, MaPhieuDKHP) VALUES ('PT000326', 72000, '23-1-2024', 'DK000162');
INSERT INTO PHIEUTHUHP(MaPhieuThu, SoTienThu, NgayLap, MaPhieuDKHP) VALUES ('PT000327', 30400, '10-1-2024', 'DK000163');
INSERT INTO PHIEUTHUHP(MaPhieuThu, SoTienThu, NgayLap, MaPhieuDKHP) VALUES ('PT000328', 100000, '11-1-2024', 'DK000163');
INSERT INTO PHIEUTHUHP(MaPhieuThu, SoTienThu, NgayLap, MaPhieuDKHP) VALUES ('PT000329', 200000, '12-1-2024', 'DK000163');
INSERT INTO PHIEUTHUHP(MaPhieuThu, SoTienThu, NgayLap, MaPhieuDKHP) VALUES ('PT000330', 200000, '20-1-2024', 'DK000164');
INSERT INTO PHIEUTHUHP(MaPhieuThu, SoTienThu, NgayLap, MaPhieuDKHP) VALUES ('PT000331', 200000, '21-1-2024', 'DK000164');
INSERT INTO PHIEUTHUHP(MaPhieuThu, SoTienThu, NgayLap, MaPhieuDKHP) VALUES ('PT000332', 72000, '22-1-2024', 'DK000164');
INSERT INTO PHIEUTHUHP(MaPhieuThu, SoTienThu, NgayLap, MaPhieuDKHP) VALUES ('PT000333', 72000, '20-1-2024', 'DK000165');
INSERT INTO PHIEUTHUHP(MaPhieuThu, SoTienThu, NgayLap, MaPhieuDKHP) VALUES ('PT000334', 100000, '24-1-2024', 'DK000165');
INSERT INTO PHIEUTHUHP(MaPhieuThu, SoTienThu, NgayLap, MaPhieuDKHP) VALUES ('PT000335', 300000, '28-1-2024', 'DK000165');
INSERT INTO PHIEUTHUHP(MaPhieuThu, SoTienThu, NgayLap, MaPhieuDKHP) VALUES ('PT000336', 72000, '12-1-2024', 'DK000166');
INSERT INTO PHIEUTHUHP(MaPhieuThu, SoTienThu, NgayLap, MaPhieuDKHP) VALUES ('PT000337', 200000, '15-1-2024', 'DK000166');
INSERT INTO PHIEUTHUHP(MaPhieuThu, SoTienThu, NgayLap, MaPhieuDKHP) VALUES ('PT000338', 200000, '19-1-2024', 'DK000166');
INSERT INTO PHIEUTHUHP(MaPhieuThu, SoTienThu, NgayLap, MaPhieuDKHP) VALUES ('PT000339', 200000, '20-1-2024', 'DK000167');
INSERT INTO PHIEUTHUHP(MaPhieuThu, SoTienThu, NgayLap, MaPhieuDKHP) VALUES ('PT000340', 72000, '24-1-2024', 'DK000167');
INSERT INTO PHIEUTHUHP(MaPhieuThu, SoTienThu, NgayLap, MaPhieuDKHP) VALUES ('PT000341', 200000, '28-1-2024', 'DK000167');
INSERT INTO PHIEUTHUHP(MaPhieuThu, SoTienThu, NgayLap, MaPhieuDKHP) VALUES ('PT000342', 150000, '18-1-2024', 'DK000168');
INSERT INTO PHIEUTHUHP(MaPhieuThu, SoTienThu, NgayLap, MaPhieuDKHP) VALUES ('PT000343', 150000, '21-1-2024', 'DK000168');
INSERT INTO PHIEUTHUHP(MaPhieuThu, SoTienThu, NgayLap, MaPhieuDKHP) VALUES ('PT000344', 172000, '25-1-2024', 'DK000168');
INSERT INTO PHIEUTHUHP(MaPhieuThu, SoTienThu, NgayLap, MaPhieuDKHP) VALUES ('PT000345', 172000, '5-1-2024', 'DK000169');
INSERT INTO PHIEUTHUHP(MaPhieuThu, SoTienThu, NgayLap, MaPhieuDKHP) VALUES ('PT000346', 150000, '7-1-2024', 'DK000169');
INSERT INTO PHIEUTHUHP(MaPhieuThu, SoTienThu, NgayLap, MaPhieuDKHP) VALUES ('PT000347', 150000, '9-1-2024', 'DK000169');
INSERT INTO PHIEUTHUHP(MaPhieuThu, SoTienThu, NgayLap, MaPhieuDKHP) VALUES ('PT000348', 200000, '15-1-2024', 'DK000170');
INSERT INTO PHIEUTHUHP(MaPhieuThu, SoTienThu, NgayLap, MaPhieuDKHP) VALUES ('PT000349', 100000, '16-1-2024', 'DK000170');
INSERT INTO PHIEUTHUHP(MaPhieuThu, SoTienThu, NgayLap, MaPhieuDKHP) VALUES ('PT000350', 100000, '17-1-2024', 'DK000170');
INSERT INTO PHIEUTHUHP(MaPhieuThu, SoTienThu, NgayLap, MaPhieuDKHP) VALUES ('PT000351', 200000, '15-1-2024', 'DK000171');
INSERT INTO PHIEUTHUHP(MaPhieuThu, SoTienThu, NgayLap, MaPhieuDKHP) VALUES ('PT000352', 100000, '16-1-2024', 'DK000171');
INSERT INTO PHIEUTHUHP(MaPhieuThu, SoTienThu, NgayLap, MaPhieuDKHP) VALUES ('PT000353', 330000, '17-1-2024', 'DK000172');
INSERT INTO PHIEUTHUHP(MaPhieuThu, SoTienThu, NgayLap, MaPhieuDKHP) VALUES ('PT000354', 400, '21-1-2024', 'DK000172');
INSERT INTO PHIEUTHUHP(MaPhieuThu, SoTienThu, NgayLap, MaPhieuDKHP) VALUES ('PT000355', 270000, '10-1-2024', 'DK000173');
INSERT INTO PHIEUTHUHP(MaPhieuThu, SoTienThu, NgayLap, MaPhieuDKHP) VALUES ('PT000356', 202000, '11-1-2024', 'DK000173');
INSERT INTO PHIEUTHUHP(MaPhieuThu, SoTienThu, NgayLap, MaPhieuDKHP) VALUES ('PT000357', 372000, '12-1-2024', 'DK000174');
INSERT INTO PHIEUTHUHP(MaPhieuThu, SoTienThu, NgayLap, MaPhieuDKHP) VALUES ('PT000358', 100000, '19-1-2024', 'DK000174');
INSERT INTO PHIEUTHUHP(MaPhieuThu, SoTienThu, NgayLap, MaPhieuDKHP) VALUES ('PT000359', 100000, '14-1-2024', 'DK000175');
INSERT INTO PHIEUTHUHP(MaPhieuThu, SoTienThu, NgayLap, MaPhieuDKHP) VALUES ('PT000360', 372000, '17-1-2024', 'DK000175');
INSERT INTO PHIEUTHUHP(MaPhieuThu, SoTienThu, NgayLap, MaPhieuDKHP) VALUES ('PT000361', 200000, '2-1-2024', 'DK000176');
INSERT INTO PHIEUTHUHP(MaPhieuThu, SoTienThu, NgayLap, MaPhieuDKHP) VALUES ('PT000362', 272000, '8-1-2024', 'DK000176');
INSERT INTO PHIEUTHUHP(MaPhieuThu, SoTienThu, NgayLap, MaPhieuDKHP) VALUES ('PT000363', 200000, '5-1-2024', 'DK000177');
INSERT INTO PHIEUTHUHP(MaPhieuThu, SoTienThu, NgayLap, MaPhieuDKHP) VALUES ('PT000364', 200000, '10-1-2024', 'DK000177');
INSERT INTO PHIEUTHUHP(MaPhieuThu, SoTienThu, NgayLap, MaPhieuDKHP) VALUES ('PT000365', 270000, '7-1-2024', 'DK000178');
INSERT INTO PHIEUTHUHP(MaPhieuThu, SoTienThu, NgayLap, MaPhieuDKHP) VALUES ('PT000366', 202000, '9-1-2024', 'DK000178');
INSERT INTO PHIEUTHUHP(MaPhieuThu, SoTienThu, NgayLap, MaPhieuDKHP) VALUES ('PT000367', 272000, '3-1-2024', 'DK000179');
INSERT INTO PHIEUTHUHP(MaPhieuThu, SoTienThu, NgayLap, MaPhieuDKHP) VALUES ('PT000368', 100000, '15-1-2024', 'DK000179');
INSERT INTO PHIEUTHUHP(MaPhieuThu, SoTienThu, NgayLap, MaPhieuDKHP) VALUES ('PT000369', 100000, '20-1-2024', 'DK000180');
INSERT INTO PHIEUTHUHP(MaPhieuThu, SoTienThu, NgayLap, MaPhieuDKHP) VALUES ('PT000370', 272000, '29-1-2024', 'DK000180');
INSERT INTO PHIEUTHUHP(MaPhieuThu, SoTienThu, NgayLap, MaPhieuDKHP) VALUES ('PT000371', 35000, '4-6-2024', 'DK000181');
INSERT INTO PHIEUTHUHP(MaPhieuThu, SoTienThu, NgayLap, MaPhieuDKHP) VALUES ('PT000372', 100000, '5-6-2024', 'DK000181');
INSERT INTO PHIEUTHUHP(MaPhieuThu, SoTienThu, NgayLap, MaPhieuDKHP) VALUES ('PT000373', 200000, '15-6-2024', 'DK000182');
INSERT INTO PHIEUTHUHP(MaPhieuThu, SoTienThu, NgayLap, MaPhieuDKHP) VALUES ('PT000374', 97000, '16-6-2024', 'DK000182');
INSERT INTO PHIEUTHUHP(MaPhieuThu, SoTienThu, NgayLap, MaPhieuDKHP) VALUES ('PT000375', 200000, '15-6-2024', 'DK000183');
INSERT INTO PHIEUTHUHP(MaPhieuThu, SoTienThu, NgayLap, MaPhieuDKHP) VALUES ('PT000376', 7900, '16-6-2024', 'DK000183');
INSERT INTO PHIEUTHUHP(MaPhieuThu, SoTienThu, NgayLap, MaPhieuDKHP) VALUES ('PT000377', 100000, '20-6-2024', 'DK000184');
INSERT INTO PHIEUTHUHP(MaPhieuThu, SoTienThu, NgayLap, MaPhieuDKHP) VALUES ('PT000378', 18000, '1-7-2024', 'DK000184');
INSERT INTO PHIEUTHUHP(MaPhieuThu, SoTienThu, NgayLap, MaPhieuDKHP) VALUES ('PT000379', 100000, '20-6-2024', 'DK000185');
INSERT INTO PHIEUTHUHP(MaPhieuThu, SoTienThu, NgayLap, MaPhieuDKHP) VALUES ('PT000380', 18000, '1-7-2024', 'DK000185');
INSERT INTO PHIEUTHUHP(MaPhieuThu, SoTienThu, NgayLap, MaPhieuDKHP) VALUES ('PT000381', 100000, '20-6-2024', 'DK000186');
INSERT INTO PHIEUTHUHP(MaPhieuThu, SoTienThu, NgayLap, MaPhieuDKHP) VALUES ('PT000382', 18000, '1-7-2024', 'DK000186');
INSERT INTO PHIEUTHUHP(MaPhieuThu, SoTienThu, NgayLap, MaPhieuDKHP) VALUES ('PT000383', 100000, '20-6-2024', 'DK000187');
INSERT INTO PHIEUTHUHP(MaPhieuThu, SoTienThu, NgayLap, MaPhieuDKHP) VALUES ('PT000384', 18000, '1-7-2024', 'DK000187');
INSERT INTO PHIEUTHUHP(MaPhieuThu, SoTienThu, NgayLap, MaPhieuDKHP) VALUES ('PT000385', 200000, '26-6-2024', 'DK000188');
INSERT INTO PHIEUTHUHP(MaPhieuThu, SoTienThu, NgayLap, MaPhieuDKHP) VALUES ('PT000386', 43000, '29-6-2024', 'DK000188');
INSERT INTO PHIEUTHUHP(MaPhieuThu, SoTienThu, NgayLap, MaPhieuDKHP) VALUES ('PT000387', 200000, '26-6-2024', 'DK000189');
INSERT INTO PHIEUTHUHP(MaPhieuThu, SoTienThu, NgayLap, MaPhieuDKHP) VALUES ('PT000388', 43000, '29-6-2024', 'DK000189');
INSERT INTO PHIEUTHUHP(MaPhieuThu, SoTienThu, NgayLap, MaPhieuDKHP) VALUES ('PT000389', 50000, '15-6-2024', 'DK000190');
INSERT INTO PHIEUTHUHP(MaPhieuThu, SoTienThu, NgayLap, MaPhieuDKHP) VALUES ('PT000390', 58000, '16-6-2024', 'DK000190');
INSERT INTO PHIEUTHUHP(MaPhieuThu, SoTienThu, NgayLap, MaPhieuDKHP) VALUES ('PT000391', 108000, '16-6-2024', 'DK000191');
INSERT INTO PHIEUTHUHP(MaPhieuThu, SoTienThu, NgayLap, MaPhieuDKHP) VALUES ('PT000392', 37800, '5-6-2024', 'DK000192');
INSERT INTO PHIEUTHUHP(MaPhieuThu, SoTienThu, NgayLap, MaPhieuDKHP) VALUES ('PT000393', 81000, '10-6-2024', 'DK000193');
INSERT INTO PHIEUTHUHP(MaPhieuThu, SoTienThu, NgayLap, MaPhieuDKHP) VALUES ('PT000394', 162000, '16-6-2024', 'DK000194');
INSERT INTO PHIEUTHUHP(MaPhieuThu, SoTienThu, NgayLap, MaPhieuDKHP) VALUES ('PT000395', 162000, '16-6-2024', 'DK000195');
INSERT INTO PHIEUTHUHP(MaPhieuThu, SoTienThu, NgayLap, MaPhieuDKHP) VALUES ('PT000396', 118000, '22-6-2024', 'DK000196');
INSERT INTO PHIEUTHUHP(MaPhieuThu, SoTienThu, NgayLap, MaPhieuDKHP) VALUES ('PT000397', 190000, '2-7-2024', 'DK000197');
INSERT INTO PHIEUTHUHP(MaPhieuThu, SoTienThu, NgayLap, MaPhieuDKHP) VALUES ('PT000398', 199000, '1-7-2024', 'DK000198');
INSERT INTO PHIEUTHUHP(MaPhieuThu, SoTienThu, NgayLap, MaPhieuDKHP) VALUES ('PT000399', 108000, '20-6-2024', 'DK000199');
INSERT INTO PHIEUTHUHP(MaPhieuThu, SoTienThu, NgayLap, MaPhieuDKHP) VALUES ('PT000400', 81000, '30-6-2024', 'DK000200');
